x_m,y_m, w_tr_right_m, w_tr_left_m
0,0,1.1,1.1
0.007371288,-0.364084468,1.1,1.1
0.014754673,-0.728169081,1.1,1.1
0.02214906,-1.092253768,1.1,1.1
0.029553504,-1.4563386,1.1,1.1
0.036966983,-1.820423505,1.1,1.1
0.044388477,-2.18450841,1.1,1.1
0.051816967,-2.548593388,1.1,1.1
0.059251432,-2.91267822,1.1,1.1
0.066690925,-3.276763052,1.1,1.1
0.074134353,-3.640847738,1.1,1.1
0.081580769,-4.004932279,1.1,1.1
0.089029152,-4.369016601,1.1,1.1
0.096478482,-4.733100777,1.1,1.1
0.103927739,-5.097184662,1.1,1.1
0.111375976,-5.461268255,1.1,1.1
0.118822101,-5.825351557,1.1,1.1
0.126265091,-6.189434495,1.1,1.1
0.133704074,-6.553517068,1.1,1.1
0.141137883,-6.917599131,1.1,1.1
0.148565572,-7.28168083,1.1,1.1
0.155986119,-7.645762018,1.1,1.1
0.163398505,-8.009842624,1.1,1.1
0.170801783,-8.37392272,1.1,1.1
0.178194931,-8.738002232,1.1,1.1
0.185576858,-9.102081017,1.1,1.1
0.192946616,-9.466159218,1.1,1.1
0.200303185,-9.83023669,1.1,1.1
0.207645545,-10.19431343,1.1,1.1
0.214972748,-10.55838945,1.1,1.1
0.222283701,-10.92246459,1.1,1.1
0.229577384,-11.28653893,1.1,1.1
0.236852851,-11.65061239,1.1,1.1
0.24410908,-12.01468491,1.1,1.1
0.251345052,-12.37875655,1.1,1.1
0.258559746,-12.74282718,1.1,1.1
0.265752143,-13.10689678,1.1,1.1
0.272921294,-13.47096529,1.1,1.1
0.280066107,-13.83503278,1.1,1.1
0.287185636,-14.19909917,1.1,1.1
0.294278858,-14.56316433,1.1,1.1
0.301344682,-14.92722832,1.1,1.1
0.308382234,-15.29129115,1.1,1.1
0.315390419,-15.65535266,1.1,1.1
0.322368291,-16.01941294,1.1,1.1
0.329314684,-16.38347183,1.1,1.1
0.336228796,-16.74752941,1.1,1.1
0.343109462,-17.11158553,1.1,1.1
0.349955807,-17.47564027,1.1,1.1
0.356766665,-17.83969355,1.1,1.1
0.363541161,-18.2037453,1.1,1.1
0.370289863,-18.56779508,1.1,1.1
0.377209003,-18.93183423,1.1,1.1
0.384642302,-19.29584808,1.1,1.1
0.392937925,-19.6598215,1.1,1.1
0.402443891,-20.02373954,1.1,1.1
0.41350822,-20.38758718,1.1,1.1
0.42647893,-20.75134943,1.1,1.1
0.441704041,-21.11501118,1.1,1.1
0.459531717,-21.47855745,1.1,1.1
0.480309832,-21.84197327,1.1,1.1
0.504386551,-22.20524366,1.1,1.1
0.532109821,-22.56835344,1.1,1.1
0.563827733,-22.93128775,1.1,1.1
0.599883424,-23.29401782,1.1,1.1
0.64058163,-23.65640751,1.1,1.1
0.68620916,-24.01827052,1.1,1.1
0.737052752,-24.37941999,1.1,1.1
0.793399069,-24.73966911,1.1,1.1
0.855534703,-25.09883125,1.1,1.1
0.92374639,-25.4567195,1.1,1.1
0.998320795,-25.81314726,1.1,1.1
1.079544655,-26.16792767,1.1,1.1
1.16770456,-26.52087393,1.1,1.1
1.263087175,-26.87179939,1.1,1.1
1.365979237,-27.22051717,1.1,1.1
1.476665077,-27.5668399,1.1,1.1
1.595327232,-27.91054849,1.1,1.1
1.722008911,-28.25138074,1.1,1.1
1.856743489,-28.58907135,1.1,1.1
1.999564121,-28.92335507,1.1,1.1
2.150504035,-29.25396652,1.1,1.1
2.309596459,-29.58064046,1.1,1.1
2.476792789,-29.90317904,1.1,1.1
2.651696622,-30.22167088,1.1,1.1
2.833818792,-30.53628081,1.1,1.1
3.022670499,-30.84717387,1.1,1.1
3.217762651,-31.15451474,1.1,1.1
3.418606374,-31.45846847,1.1,1.1
3.624727003,-31.75918882,1.1,1.1
3.835883271,-32.0566513,1.1,1.1
4.052024463,-32.35068561,1.1,1.1
4.273105472,-32.64111731,1.1,1.1
4.49908112,-32.92777181,1.1,1.1
4.729906156,-33.2104748,1.1,1.1
4.965535548,-33.48905163,1.1,1.1
5.205924043,-33.76332791,1.1,1.1
5.451026537,-34.03312905,1.1,1.1
5.700797779,-34.29828069,1.1,1.1
5.955192662,-34.55860822,1.1,1.1
6.214166082,-34.81393727,1.1,1.1
6.477672713,-35.06409341,1.1,1.1
6.745660748,-35.30895259,1.1,1.1
7.018062272,-35.54851061,1.1,1.1
7.294807259,-35.78278093,1.1,1.1
7.575825319,-36.01177704,1.1,1.1
7.861046351,-36.23551243,1.1,1.1
8.150400111,-36.45400035,1.1,1.1
8.443816427,-36.66725435,1.1,1.1
8.741225126,-36.87528792,1.1,1.1
9.042555964,-37.07811446,1.1,1.1
9.347738694,-37.27574738,1.1,1.1
9.656703292,-37.4682001,1.1,1.1
9.969379366,-37.65548616,1.1,1.1
10.28569638,-37.83761561,1.1,1.1
10.60556055,-38.01444747,1.1,1.1
10.92884625,-38.18563028,1.1,1.1
11.25542561,-38.35079694,1.1,1.1
11.5851705,-38.50958025,1.1,1.1
11.91795299,-38.66161326,1.1,1.1
12.25364504,-38.80652879,1.1,1.1
12.59211862,-38.94395971,1.1,1.1
12.93324584,-39.073539,1.1,1.1
13.27689869,-39.19489955,1.1,1.1
13.62294904,-39.3076743,1.1,1.1
13.97126903,-39.41149602,1.1,1.1
14.32173061,-39.5059978,1.1,1.1
14.67420132,-39.5909464,1.1,1.1
15.02852916,-39.66669318,1.1,1.1
15.38455708,-39.73374889,1.1,1.1
15.74212771,-39.7926241,1.1,1.1
16.10108385,-39.84382963,1.1,1.1
16.46126825,-39.88787606,1.1,1.1
16.82252368,-39.92527406,1.1,1.1
17.18469302,-39.95653436,1.1,1.1
17.54761889,-39.98216762,1.1,1.1
17.91114416,-40.0026845,1.1,1.1
18.2751116,-40.01859574,1.1,1.1
18.63936389,-40.03041192,1.1,1.1
19.00374398,-40.03864364,1.1,1.1
19.36813515,-40.04374384,1.1,1.1
19.73251911,-40.04602564,1.1,1.1
20.09689206,-40.04578088,1.1,1.1
20.46125051,-40.04330168,1.1,1.1
20.82559075,-40.03887995,1.1,1.1
21.18990927,-40.03280783,1.1,1.1
21.55420236,-40.02537723,1.1,1.1
21.91846638,-40.0168802,1.1,1.1
22.28269775,-40.0076088,1.1,1.1
22.64689283,-39.99785493,1.1,1.1
23.01104798,-39.98791074,1.1,1.1
23.37515963,-39.97806805,1.1,1.1
23.73922478,-39.96859538,1.1,1.1
24.10324615,-39.95956539,1.1,1.1
24.46722933,-39.95095396,1.1,1.1
24.83117979,-39.94273637,1.1,1.1
25.19510315,-39.93488809,1.1,1.1
25.55900493,-39.9273844,1.1,1.1
25.92289069,-39.92020053,1.1,1.1
26.28676595,-39.91331185,1.1,1.1
26.65063626,-39.90669365,1.1,1.1
27.01450722,-39.90032124,1.1,1.1
27.37838431,-39.89416992,1.1,1.1
27.7422732,-39.88821512,1.1,1.1
28.10617921,-39.88243199,1.1,1.1
28.4701081,-39.87679592,1.1,1.1
28.83406534,-39.87128226,1.1,1.1
29.19805654,-39.86586625,1.1,1.1
29.56208716,-39.86052325,1.1,1.1
29.92616274,-39.85522864,1.1,1.1
30.29028888,-39.84995756,1.1,1.1
30.65447114,-39.84468547,1.1,1.1
31.01871505,-39.83938757,1.1,1.1
31.38302613,-39.83403933,1.1,1.1
31.74741002,-39.82861588,1.1,1.1
32.11187216,-39.82309268,1.1,1.1
32.4764181,-39.81744495,1.1,1.1
32.84105098,-39.81163137,1.1,1.1
33.20572838,-39.80531419,1.1,1.1
33.57036934,-39.79790108,1.1,1.1
33.93489146,-39.78879166,1.1,1.1
34.29921245,-39.77738536,1.1,1.1
34.66324999,-39.76308167,1.1,1.1
35.02692166,-39.74528023,1.1,1.1
35.39014526,-39.72338045,1.1,1.1
35.75283824,-39.69678183,1.1,1.1
36.11491846,-39.66488386,1.1,1.1
36.47630345,-39.62708611,1.1,1.1
36.836911,-39.58278813,1.1,1.1
37.19665857,-39.53138965,1.1,1.1
37.55543691,-39.47245337,1.1,1.1
37.91306874,-39.40595329,1.1,1.1
38.26936591,-39.33192787,1.1,1.1
38.62414065,-39.25041524,1.1,1.1
38.9772048,-39.16145371,1.1,1.1
39.32837051,-39.06508169,1.1,1.1
39.67744971,-38.96133736,1.1,1.1
40.02425448,-38.85025905,1.1,1.1
40.36859687,-38.73188501,1.1,1.1
40.71028882,-38.60625358,1.1,1.1
41.04914241,-38.47340302,1.1,1.1
41.38496963,-38.33337164,1.1,1.1
41.71759159,-38.18620499,1.1,1.1
42.04690678,-38.03201114,1.1,1.1
42.37285342,-37.87093007,1.1,1.1
42.69537,-37.70310205,1.1,1.1
43.01439502,-37.52866727,1.1,1.1
43.3298669,-37.34776601,1.1,1.1
43.64172416,-37.16053853,1.1,1.1
43.94990527,-36.96712498,1.1,1.1
44.25434875,-36.76766575,1.1,1.1
44.55499303,-36.56230099,1.1,1.1
44.85177666,-36.35117095,1.1,1.1
45.14463808,-36.13441584,1.1,1.1
45.4335158,-35.91217601,1.1,1.1
45.71834829,-35.68459165,1.1,1.1
45.99907401,-35.45180288,1.1,1.1
46.2756315,-35.21395013,1.1,1.1
46.54795921,-34.97117359,1.1,1.1
46.81599563,-34.7236134,1.1,1.1
47.07967926,-34.47140988,1.1,1.1
47.33894852,-34.21470332,1.1,1.1
47.593742,-33.95363392,1.1,1.1
47.84399811,-33.68834187,1.1,1.1
48.08965535,-33.41896744,1.1,1.1
48.33065215,-33.14565091,1.1,1.1
48.56692715,-32.86853254,1.1,1.1
48.79841449,-32.58774737,1.1,1.1
49.02497155,-32.30333591,1.1,1.1
49.24638732,-32.01525479,1.1,1.1
49.46244843,-31.72345776,1.1,1.1
49.67294174,-31.42789867,1.1,1.1
49.8776539,-31.12853127,1.1,1.1
50.07637154,-30.82530929,1.1,1.1
50.26888153,-30.51818665,1.1,1.1
50.45497043,-30.20711711,1.1,1.1
50.63442511,-29.89205438,1.1,1.1
50.80703214,-29.57295234,1.1,1.1
50.97257829,-29.24976471,1.1,1.1
51.13085029,-28.92244531,1.1,1.1
51.28167245,-28.59098087,1.1,1.1
51.42520158,-28.25564944,1.1,1.1
51.56176763,-27.91688075,1.1,1.1
51.69170208,-27.57510587,1.1,1.1
51.8153364,-27.23075582,1.1,1.1
51.93300208,-26.8842617,1.1,1.1
52.0450236,-26.53605174,1.1,1.1
52.15133151,-26.18639419,1.1,1.1
52.25126359,-25.83531635,1.1,1.1
52.34410849,-25.4828256,1.1,1.1
52.42915488,-25.12892937,1.1,1.1
52.50569134,-24.77363515,1.1,1.1
52.5730141,-24.41695105,1.1,1.1
52.63084409,-24.05892988,1.1,1.1
52.67954361,-23.69969174,1.1,1.1
52.71952843,-23.33936225,1.1,1.1
52.75121435,-22.97806726,1.1,1.1
52.77501701,-22.61593231,1.1,1.1
52.7913522,-22.25308318,1.1,1.1
52.80075142,-21.88964323,1.1,1.1
52.80429843,-21.52572469,1.1,1.1
52.80324147,-21.16143648,1.1,1.1
52.798829,-20.79688747,1.1,1.1
52.79230925,-20.43218669,1.1,1.1
52.78493053,-20.06744305,1.1,1.1
52.77790559,-19.7027623,1.1,1.1
52.77176104,-19.33819049,1.1,1.1
52.76640573,-18.97371975,1.1,1.1
52.76172612,-18.60934031,1.1,1.1
52.75760884,-18.24504219,1.1,1.1
52.75394028,-17.88081578,1.1,1.1
52.750607,-17.51665115,1.1,1.1
52.74749566,-17.15253856,1.1,1.1
52.74449276,-16.78846808,1.1,1.1
52.74148475,-16.42443003,1.1,1.1
52.73835826,-16.06041457,1.1,1.1
52.73499976,-15.69641179,1.1,1.1
52.73129594,-15.33241199,1.1,1.1
52.72716547,-14.96840768,1.1,1.1
52.72261295,-14.60439819,1.1,1.1
52.71765717,-14.24038368,1.1,1.1
52.71231694,-13.87636436,1.1,1.1
52.70661113,-13.51234044,1.1,1.1
52.70055847,-13.1483123,1.1,1.1
52.69417775,-12.78428001,1.1,1.1
52.68748778,-12.42024392,1.1,1.1
52.68050743,-12.0562042,1.1,1.1
52.67325536,-11.69216119,1.1,1.1
52.66575058,-11.32811505,1.1,1.1
52.65801167,-10.964066,1.1,1.1
52.65005758,-10.60001432,1.1,1.1
52.64190711,-10.23596024,1.1,1.1
52.63357899,-9.871903972,1.1,1.1
52.62509201,-9.507845882,1.1,1.1
52.61646498,-9.143786044,1.1,1.1
52.60771685,-8.779724749,1.1,1.1
52.59886619,-8.415662214,1.1,1.1
52.58993202,-8.051598805,1.1,1.1
52.58093292,-7.687534595,1.1,1.1
52.57188792,-7.323469947,1.1,1.1
52.56281567,-6.959405008,1.1,1.1
52.55373496,-6.595340142,1.1,1.1
52.54466467,-6.231275422,1.1,1.1
52.53562106,-5.867211139,1.1,1.1
52.52660739,-5.503147365,1.1,1.1
52.51762323,-5.139084029,1.1,1.1
52.50866801,-4.775021204,1.1,1.1
52.49974113,-4.410958815,1.1,1.1
52.49084223,-4.046896791,1.1,1.1
52.48197058,-3.682835276,1.1,1.1
52.47312575,-3.318774199,1.1,1.1
52.46430722,-2.954713487,1.1,1.1
52.45551434,-2.590653138,1.1,1.1
52.44674675,-2.226593227,1.1,1.1
52.43800372,-1.86253368,1.1,1.1
52.4292848,-1.498474571,1.1,1.1
52.4205895,-1.134415753,1.1,1.1
52.41191722,-0.770357299,1.1,1.1
52.40326738,-0.406299282,1.1,1.1
52.39463955,-0.042241484,1.1,1.1
52.38603322,0.321815949,1.1,1.1
52.37744765,0.685873018,1.1,1.1
52.36888249,1.049929796,1.1,1.1
52.36033714,1.413986283,1.1,1.1
52.35181104,1.778042477,1.1,1.1
52.34330373,2.142098454,1.1,1.1
52.33481457,2.506154066,1.1,1.1
52.32634312,2.870209459,1.1,1.1
52.31788879,3.234264561,1.1,1.1
52.30945107,3.598319444,1.1,1.1
52.30102931,3.962374109,1.1,1.1
52.29262315,4.326428555,1.1,1.1
52.28423199,4.690482709,1.1,1.1
52.2758552,5.054536718,1.1,1.1
52.26749231,5.418590508,1.1,1.1
52.25914284,5.782644153,1.1,1.1
52.25080619,6.146697578,1.1,1.1
52.24248186,6.510750858,1.1,1.1
52.23416926,6.87480392,1.1,1.1
52.22586781,7.238856836,1.1,1.1
52.21757714,7.602909679,1.1,1.1
52.2092966,7.966962303,1.1,1.1
52.20102561,8.331014854,1.1,1.1
52.19276372,8.695067333,1.1,1.1
52.18451036,9.059119593,1.1,1.1
52.17626502,9.423171853,1.1,1.1
52.16802718,9.787223967,1.1,1.1
52.15979619,10.15127601,1.1,1.1
52.15157161,10.51532805,1.1,1.1
52.14335287,10.87937995,1.1,1.1
52.13513944,11.24343184,1.1,1.1
52.12693075,11.60748366,1.1,1.1
52.11872635,11.97153549,1.1,1.1
52.11052561,12.33558724,1.1,1.1
52.10232806,12.69963906,1.1,1.1
52.09413314,13.06369081,1.1,1.1
52.08594034,13.42774256,1.1,1.1
52.07774899,13.79179438,1.1,1.1
52.06955873,14.15584613,1.1,1.1
52.06136892,14.51989803,1.1,1.1
52.0531791,14.88394992,1.1,1.1
52.04498862,15.24800182,1.1,1.1
52.03679706,15.61205379,1.1,1.1
52.02860374,15.9761059,1.1,1.1
52.02040831,16.34015802,1.1,1.1
52.01221004,16.70421028,1.1,1.1
52.00400856,17.06826261,1.1,1.1
51.99580322,17.43231501,1.1,1.1
51.98759359,17.79636757,1.1,1.1
51.97937899,18.16042026,1.1,1.1
51.97115901,18.52447311,1.1,1.1
51.96293305,18.88852602,1.1,1.1
51.95470053,19.25257916,1.1,1.1
51.94646101,19.61663244,1.1,1.1
51.93821392,19.98068586,1.1,1.1
51.92995866,20.34473951,1.1,1.1
51.92169481,20.7087933,1.1,1.1
51.91342171,21.0728473,1.1,1.1
51.90513891,21.43690153,1.1,1.1
51.89684591,21.80095598,1.1,1.1
51.88854205,22.16501064,1.1,1.1
51.88022683,22.5290656,1.1,1.1
51.87189972,22.8931207,1.1,1.1
51.86356023,23.25717617,1.1,1.1
51.85520777,23.62123185,1.1,1.1
51.84684183,23.98528776,1.1,1.1
51.8384619,24.34934402,1.1,1.1
51.83006732,24.71340051,1.1,1.1
51.82165773,25.07745736,1.1,1.1
51.81323248,25.4415145,1.1,1.1
51.80479104,25.80557194,1.1,1.1
51.79633285,26.16962973,1.1,1.1
51.78785746,26.53368782,1.1,1.1
51.77936429,26.89774628,1.1,1.1
51.77085283,27.26180509,1.1,1.1
51.76232243,27.62586435,1.1,1.1
51.75377264,27.9899239,1.1,1.1
51.74520296,28.35398381,1.1,1.1
51.7366128,28.71804416,1.1,1.1
51.72800166,29.08210494,1.1,1.1
51.71936887,29.44616609,1.1,1.1
51.71071408,29.81022768,1.1,1.1
51.7020367,30.1742897,1.1,1.1
51.69333615,30.53835216,1.1,1.1
51.6846141,30.90241499,1.1,1.1
51.67587369,31.26647833,1.1,1.1
51.66711849,31.63054195,1.1,1.1
51.65835184,31.99460587,1.1,1.1
51.64957718,32.35867008,1.1,1.1
51.64079808,32.72273459,1.1,1.1
51.63201781,33.08679931,1.1,1.1
51.62323987,33.45086417,1.1,1.1
51.61446761,33.81492918,1.1,1.1
51.60570461,34.17899427,1.1,1.1
51.59695422,34.5430595,1.1,1.1
51.58821986,34.90712473,1.1,1.1
51.57950495,35.27118996,1.1,1.1
51.57081292,35.63525519,1.1,1.1
51.56214727,35.99932028,1.1,1.1
51.55351135,36.36338536,1.1,1.1
51.54490866,36.72745023,1.1,1.1
51.53634263,37.09151495,1.1,1.1
51.52781659,37.45557945,1.1,1.1
51.51933406,37.81964366,1.1,1.1
51.51089846,38.18370765,1.1,1.1
51.50251321,38.54777128,1.1,1.1
51.49418173,38.91183461,1.1,1.1
51.48590746,39.27589751,1.1,1.1
51.47769389,39.63995997,1.1,1.1
51.46954437,40.004022,1.1,1.1
51.46146232,40.36808351,1.1,1.1
51.45345125,40.73214452,1.1,1.1
51.4455145,41.09620494,1.1,1.1
51.43765558,41.46026478,1.1,1.1
51.4298779,41.82432396,1.1,1.1
51.4221849,42.18838249,1.1,1.1
51.41457992,42.55244028,1.1,1.1
51.40706654,42.91649728,1.1,1.1
51.39964811,43.28055362,1.1,1.1
51.39232805,43.64460909,1.1,1.1
51.38510978,44.00866368,1.1,1.1
51.37799681,44.3727174,1.1,1.1
51.37099249,44.73677024,1.1,1.1
51.36410031,45.10082206,1.1,1.1
51.35732363,45.46487294,1.1,1.1
51.35066594,45.82892272,1.1,1.1
51.34413067,46.19297148,1.1,1.1
51.33772117,46.55701915,1.1,1.1
51.33144101,46.92106573,1.1,1.1
51.32529355,47.28511106,1.1,1.1
51.3192822,47.64915524,1.1,1.1
51.3134104,48.0131981,1.1,1.1
51.30768156,48.37723979,1.1,1.1
51.30209919,48.7412801,1.1,1.1
51.29658962,49.10531713,1.1,1.1
51.29084293,49.46934294,1.1,1.1
51.28450411,49.83334856,1.1,1.1
51.27721801,50.19732497,1.1,1.1
51.26862952,50.56126297,1.1,1.1
51.25838343,50.92515368,1.1,1.1
51.24612465,51.28898792,1.1,1.1
51.23149808,51.65275672,1.1,1.1
51.21414856,52.01645112,1.1,1.1
51.19372102,52.38006187,1.1,1.1
51.16986028,52.74358016,1.1,1.1
51.14221119,53.10699678,1.1,1.1
51.11041881,53.47030193,1.1,1.1
51.07413876,53.83341382,1.1,1.1
51.03304531,54.19612363,1.1,1.1
50.98681472,54.55820983,1.1,1.1
50.93512323,54.91945068,1.1,1.1
50.87764717,55.27962445,1.1,1.1
50.81406262,55.63850962,1.1,1.1
50.74404598,55.99588429,1.1,1.1
50.66727343,56.35152704,1.1,1.1
50.58342121,56.70521603,1.1,1.1
50.49216549,57.05672969,1.1,1.1
50.39318267,57.40584628,1.1,1.1
50.28614885,57.75234412,1.1,1.1
50.17079892,58.09601896,1.1,1.1
50.04720191,58.43676531,1.1,1.1
49.91554521,58.77451268,1.1,1.1
49.77601634,59.10919084,1.1,1.1
49.62880298,59.44072932,1.1,1.1
49.47409272,59.7690578,1.1,1.1
49.31207303,60.0941059,1.1,1.1
49.14293162,60.41580336,1.1,1.1
48.96685592,60.73407966,1.1,1.1
48.78403363,61.04886454,1.1,1.1
48.59465217,61.36008762,1.1,1.1
48.39889932,61.66767851,1.1,1.1
48.1969625,61.9715668,1.1,1.1
47.98902934,62.27168227,1.1,1.1
47.77528742,62.56795444,1.1,1.1
47.55592435,62.860313,1.1,1.1
47.33112764,63.14868756,1.1,1.1
47.10108484,63.43300772,1.1,1.1
46.86598368,63.71320317,1.1,1.1
46.62601155,63.98920358,1.1,1.1
46.3813561,64.26093851,1.1,1.1
46.13220497,64.52833762,1.1,1.1
45.87874564,64.7913306,1.1,1.1
45.62116576,65.04984699,1.1,1.1
45.35965288,65.30381654,1.1,1.1
45.09438305,65.55316777,1.1,1.1
44.8254035,65.79781863,1.1,1.1
44.55268048,66.03767985,1.1,1.1
44.27617902,66.27266232,1.1,1.1
43.99586392,66.50267676,1.1,1.1
43.7117002,66.72763408,1.1,1.1
43.42365283,66.94744506,1.1,1.1
43.13168681,67.16202046,1.1,1.1
42.8357671,67.37127108,1.1,1.1
42.53585858,67.57510772,1.1,1.1
42.23192627,67.77344113,1.1,1.1
41.92393512,67.96618226,1.1,1.1
41.61185009,68.15324177,1.1,1.1
41.29565928,68.33450482,1.1,1.1
40.97548688,68.50970596,1.1,1.1
40.65150659,68.6785247,1.1,1.1
40.32389207,68.84064079,1.1,1.1
39.99281703,68.99573377,1.1,1.1
39.65845527,69.14348321,1.1,1.1
39.32098043,69.28356866,1.1,1.1
38.98056622,69.41566985,1.1,1.1
38.63738636,69.53946623,1.1,1.1
38.29161466,69.65463741,1.1,1.1
37.94342481,69.76086313,1.1,1.1
37.59299041,69.85782276,1.1,1.1
37.24048508,69.94521113,1.1,1.1
36.88607658,70.02312262,1.1,1.1
36.52992646,70.09208295,1.1,1.1
36.17219604,70.15263938,1.1,1.1
35.81304658,70.2053393,1.1,1.1
35.45263941,70.25072993,1.1,1.1
35.09113579,70.28935846,1.1,1.1
34.72869706,70.32177219,1.1,1.1
34.36548439,70.34851844,1.1,1.1
34.00165918,70.37014438,1.1,1.1
33.63738263,70.38719732,1.1,1.1
33.27281607,70.4002245,1.1,1.1
32.90812082,70.40977324,1.1,1.1
32.54344998,70.41637511,1.1,1.1
32.17886192,70.42038018,1.1,1.1
31.81435409,70.4220219,1.1,1.1
31.44992306,70.42153186,1.1,1.1
31.08556533,70.41914149,1.1,1.1
30.72127742,70.41508236,1.1,1.1
30.35705567,70.4095859,1.1,1.1
29.99289673,70.40288369,1.1,1.1
29.6287971,70.39520723,1.1,1.1
29.26475315,70.38678809,1.1,1.1
28.90076152,70.37785764,1.1,1.1
28.53681856,70.36864752,1.1,1.1
28.17292085,70.3593885,1.1,1.1
27.80906373,70.35023945,1.1,1.1
27.44524072,70.3412252,1.1,1.1
27.08144488,70.33235559,1.1,1.1
26.71766937,70.32364083,1.1,1.1
26.35390735,70.31509082,1.1,1.1
25.9901521,70.30671555,1.1,1.1
25.62639671,70.29852515,1.1,1.1
25.26263432,70.29052953,1.1,1.1
24.89885815,70.28273873,1.1,1.1
24.53506137,70.27516283,1.1,1.1
24.17123712,70.26781173,1.1,1.1
23.80737854,70.26069555,1.1,1.1
23.44347894,70.25382429,1.1,1.1
23.07953132,70.24720791,1.1,1.1
22.7155289,70.24085649,1.1,1.1
22.35146491,70.23478007,1.1,1.1
21.98733249,70.2289885,1.1,1.1
21.62312481,70.22349197,1.1,1.1
21.25883499,70.21830046,1.1,1.1
20.89445621,70.21342397,1.1,1.1
20.52998175,70.20887246,1.1,1.1
20.16540462,70.20465601,1.1,1.1
19.80071812,70.20078466,1.1,1.1
19.43591531,70.19726833,1.1,1.1
19.07098943,70.19411714,1.1,1.1
18.70595571,70.19119373,1.1,1.1
18.34090355,70.18786518,1.1,1.1
17.97593803,70.18339456,1.1,1.1
17.61116423,70.17704459,1.1,1.1
17.24668707,70.16807836,1.1,1.1
16.88261172,70.15575866,1.1,1.1
16.51904316,70.13934849,1.1,1.1
16.15608647,70.11811072,1.1,1.1
15.79384667,70.09130829,1.1,1.1
15.43242889,70.05820413,1.1,1.1
15.07193799,70.01806111,1.1,1.1
14.71247921,69.97014223,1.1,1.1
14.35415863,69.91375555,1.1,1.1
13.99709582,69.84875903,1.1,1.1
13.64141934,69.77537704,1.1,1.1
13.28725794,69.6938405,1.1,1.1
12.93474037,69.60438034,1.1,1.1
12.58399526,69.50722753,1.1,1.1
12.23515142,69.40261301,1.1,1.1
11.88833755,69.29076769,1.1,1.1
11.54368233,69.17192256,1.1,1.1
11.20131445,69.04630855,1.1,1.1
10.86136274,68.91415664,1.1,1.1
10.52395588,68.77569776,1.1,1.1
10.18922241,68.63116225,1.1,1.1
9.857279588,68.48071405,1.1,1.1
9.528222347,68.32438858,1.1,1.1
9.202143163,68.16220683,1.1,1.1
8.879134432,67.99418957,1.1,1.1
8.559288551,67.82035763,1.1,1.1
8.242698137,67.64073185,1.1,1.1
7.929455512,67.45533316,1.1,1.1
7.61965322,67.26418231,1.1,1.1
7.313383585,67.06730022,1.1,1.1
7.01073915,66.86470773,1.1,1.1
6.711812312,66.65642568,1.1,1.1
6.416695613,66.44247484,1.1,1.1
6.125486334,66.22287561,1.1,1.1
5.838429311,65.99763192,1.1,1.1
5.555937562,65.76672899,1.1,1.1
5.278433214,65.530151,1.1,1.1
5.006338538,65.28788228,1.1,1.1
4.740075662,65.03990702,1.1,1.1
4.480066856,64.78620949,1.1,1.1
4.226591061,64.5268224,1.1,1.1
3.979430765,64.26194701,1.1,1.1
3.738260756,63.99182109,1.1,1.1
3.502755897,63.71668226,1.1,1.1
3.272590975,63.43676831,1.1,1.1
3.047440706,63.15231691,1.1,1.1
2.827066375,62.86354325,1.1,1.1
2.611529407,62.57058404,1.1,1.1
2.400957033,62.27355878,1.1,1.1
2.195476261,61.97258696,1.1,1.1
1.995214027,61.6677881,1.1,1.1
1.800297488,61.35928192,1.1,1.1
1.610853653,61.04718777,1.1,1.1
1.427009531,60.73162531,1.1,1.1
1.248892204,60.41271404,1.1,1.1
1.076628683,60.09057353,1.1,1.1
0.910346049,59.7653233,1.1,1.1
0.750171312,59.43708291,1.1,1.1
0.596231554,59.10597188,1.1,1.1
0.448653786,58.77210985,1.1,1.1
0.307565015,58.43561617,1.1,1.1
0.173092399,58.09661058,1.1,1.1
0.045362873,57.75521251,1.1,1.1
-0.075496481,57.41154159,1.1,1.1
-0.189358579,57.06571727,1.1,1.1
-0.296096486,56.71785913,1.1,1.1
-0.395583119,56.36808673,1.1,1.1
-0.487691322,56.01651966,1.1,1.1
-0.572294232,55.66327742,1.1,1.1
-0.649264621,55.30847951,1.1,1.1
-0.718475625,54.95224551,1.1,1.1
-0.779857581,54.59469413,1.1,1.1
-0.833714862,54.23593881,1.1,1.1
-0.880501218,53.87609084,1.1,1.1
-0.920670764,53.51526147,1.1,1.1
-0.954677543,53.15356198,1.1,1.1
-0.982975743,52.79110365,1.1,1.1
-1.006019408,52.42799773,1.1,1.1
-1.024262726,52.06435557,1.1,1.1
-1.038159738,51.70028837,1.1,1.1
-1.048164634,51.33590748,1.1,1.1
-1.054731528,50.97132408,1.1,1.1
-1.058314465,50.60664952,1.1,1.1
-1.059367631,50.24199508,1.1,1.1
-1.058295883,49.87744921,1.1,1.1
-1.055328466,49.51301869,1.1,1.1
-1.050655128,49.1486923,1.1,1.1
-1.044465837,48.78445853,1.1,1.1
-1.036950415,48.42030614,1.1,1.1
-1.028298684,48.05622364,1.1,1.1
-1.01870054,47.6921998,1.1,1.1
-1.008345876,47.32822318,1.1,1.1
-0.997424442,46.96428241,1.1,1.1
-0.986126206,46.60036612,1.1,1.1
-0.97464099,46.23646295,1.1,1.1
-0.963158689,45.8725616,1.1,1.1
-0.951860599,45.50865107,1.1,1.1
-0.940817038,45.14472735,1.1,1.1
-0.930020063,44.78079066,1.1,1.1
-0.919460056,44.41684173,1.1,1.1
-0.909127544,44.05288106,1.1,1.1
-0.899012909,43.6889091,1.1,1.1
-0.889106531,43.32492658,1.1,1.1
-0.879398865,42.96093392,1.1,1.1
-0.869880439,42.59693172,1.1,1.1
-0.860541559,42.23292049,1.1,1.1
-0.851372755,41.8689008,1.1,1.1
-0.842364334,41.50487324,1.1,1.1
-0.833506896,41.14083833,1.1,1.1
-0.824790749,40.77679663,1.1,1.1
-0.816206349,40.4127486,1.1,1.1
-0.807744149,40.04869495,1.1,1.1
-0.79939453,39.68463614,1.1,1.1
-0.79114802,39.32057273,1.1,1.1
-0.782995001,38.95650524,1.1,1.1
-0.774925852,38.59243432,1.1,1.1
-0.76693103,38.22836042,1.1,1.1
-0.75900106,37.86428411,1.1,1.1
-0.751126251,37.50020591,1.1,1.1
-0.743297131,37.13612647,1.1,1.1
-0.735504081,36.77204631,1.1,1.1
-0.727737628,36.40796592,1.1,1.1
-0.719992306,36.04388568,1.1,1.1
-0.712267607,35.67980551,1.1,1.1
-0.704563092,35.31572541,1.1,1.1
-0.696878397,34.95164554,1.1,1.1
-0.689213303,34.58756566,1.1,1.1
-0.681567301,34.22348593,1.1,1.1
-0.673940245,33.85940634,1.1,1.1
-0.666331625,33.49532683,1.1,1.1
-0.658741148,33.13124739,1.1,1.1
-0.651168598,32.76716802,1.1,1.1
-0.643613463,32.4030888,1.1,1.1
-0.636075452,32.03900965,1.1,1.1
-0.628554273,31.67493058,1.1,1.1
-0.621049636,31.31085157,1.1,1.1
-0.61356103,30.94677264,1.1,1.1
-0.606088236,30.58269379,1.1,1.1
-0.598630963,30.218615,1.1,1.1
-0.591188701,29.85453629,1.1,1.1
-0.583761231,29.49045758,1.1,1.1
-0.576348262,29.12637902,1.1,1.1
-0.568949357,28.76230045,1.1,1.1
-0.561564151,28.39822203,1.1,1.1
-0.554192425,28.03414354,1.1,1.1
-0.546833743,27.67006519,1.1,1.1
-0.53948774,27.30598684,1.1,1.1
-0.532154198,26.9419085,1.1,1.1
-0.524832751,26.5778303,1.1,1.1
-0.517522964,26.21375202,1.1,1.1
-0.510224544,25.84967382,1.1,1.1
-0.5029372,25.48559562,1.1,1.1
-0.495660495,25.12151749,1.1,1.1
-0.48839421,24.75743936,1.1,1.1
-0.481137908,24.39336124,1.1,1.1
-0.473891297,24.02928318,1.1,1.1
-0.466654014,23.66520513,1.1,1.1
-0.459425693,23.301127,1.1,1.1
-0.452206117,22.93704894,1.1,1.1
-0.444994775,22.57297089,1.1,1.1
-0.437791448,22.20889283,1.1,1.1
-0.430595773,21.8448147,1.1,1.1
-0.423407457,21.48073665,1.1,1.1
-0.41622599,21.11665852,1.1,1.1
-0.409051228,20.75258046,1.1,1.1
-0.401882732,20.38850234,1.1,1.1
-0.394720212,20.02442421,1.1,1.1
-0.387563229,19.66034601,1.1,1.1
-0.380411566,19.29626781,1.1,1.1
-0.373264785,18.9321896,1.1,1.1
-0.366122595,18.56811133,1.1,1.1
-0.358984704,18.20403298,1.1,1.1
-0.351850675,17.83995471,1.1,1.1
-0.344720217,17.47587629,1.1,1.1
-0.337592965,17.11179787,1.1,1.1
-0.330468627,16.74771938,1.1,1.1
-0.32334684,16.38364088,1.1,1.1
-0.316227239,16.01956225,1.1,1.1
-0.309109533,15.65548361,1.1,1.1
-0.301993356,15.2914049,1.1,1.1
-0.294878419,14.92732611,1.1,1.1
-0.287764283,14.56324733,1.1,1.1
-0.280650657,14.1991684,1.1,1.1
-0.273537177,13.8350894,1.1,1.1
-0.266423551,13.47101032,1.1,1.1
-0.259309488,13.10693117,1.1,1.1
-0.252194478,12.74285195,1.1,1.1
-0.245078375,12.37877258,1.1,1.1
-0.237960668,12.01469322,1.1,1.1
-0.23084114,11.6506137,1.1,1.1
-0.223719353,11.28653405,1.1,1.1
-0.216595088,10.92245439,1.1,1.1
-0.209467909,10.55837451,1.1,1.1
-0.202337524,10.19429463,1.1,1.1
-0.195203567,9.830214611,1.1,1.1
-0.188065749,9.466134442,1.1,1.1
-0.180923632,9.102054201,1.1,1.1
-0.173776924,8.737973814,1.1,1.1
-0.166625334,8.373893281,1.1,1.1
-0.159468497,8.009812675,1.1,1.1
-0.152306049,7.645731851,1.1,1.1
-0.145137627,7.281650954,1.1,1.1
-0.13796301,6.917569911,1.1,1.1
-0.130781689,6.553488795,1.1,1.1
-0.123593446,6.18940746,1.1,1.1
-0.116397917,5.82532598,1.1,1.1
-0.109194736,5.461244354,1.1,1.1
-0.101983612,5.097162583,1.1,1.1
-0.094764108,4.733080665,1.1,1.1
-0.087536006,4.368998602,1.1,1.1
-0.080298869,4.004916321,1.1,1.1
-0.073052477,3.640833893,1.1,1.1
-0.065796321,3.27675132,1.1,1.1
-0.058530181,2.912668601,1.1,1.1
-0.051253695,2.548585663,1.1,1.1
-0.043966569,2.18450258,1.1,1.1
-0.036668368,1.820419278,1.1,1.1
-0.029358726,1.456335831,1.1,1.1
-0.022037499,1.092252165,1.1,1.1
-0.014704175,0.72816828,1.1,1.1
-0.007358391,0.364084249,1.1,1.1
