,x_m,y_m,c
0,-0.7999920995244841,0.001618551965164,0.002243403386691745
1,-0.7781426121740754,0.0016239171403302,0.0022175023259579
2,-0.756293148532918,0.0016282236754927,0.0021526299886442677
3,-0.7344437125445649,0.0016315025435726,0.0020614955114203835
4,-0.7125943035946571,0.0016337972558661,0.0020361330836404
5,-0.6907449170712942,0.0016351199241336,0.0019707227722726463
6,-0.6688955569744173,0.0016355017779451,0.001893556649064981
7,-0.6470462183429492,0.0016349796591141,0.0018409630972940766
8,-0.6251969052632257,0.0016335786784345,0.0017767867202810198
9,-0.6033476129217514,0.0016313294756606,0.0017376317915260703
10,-0.5814983409945562,0.0016282507453528,0.0016470192372021427
11,-0.5596490889908565,0.001624385747258,0.0016076092560410394
12,-0.5377998609058184,0.0016197532983284,0.0015300784850610625
13,-0.5159506518359522,0.0016143904120436,0.0014912675582246817
14,-0.4941014616396519,0.0016083156180973,0.0014134845664420983
15,-0.4722522896725762,0.0016015660506611,0.0013616812124905878
16,-0.4504031356455362,0.001594166441488,0.0012965331992038215
17,-0.4285539990593734,0.0015861478926563,0.0012314776244847863
18,-0.4067048839164293,0.0015775414637699,0.0011931849030600798
19,-0.3848557811968724,0.0015683654329394,0.001102319151234194
20,-0.3630066946690686,0.0015586631806039,0.0010632346983146907
21,-0.3411576196887105,0.0015484533639147,0.0009981078153866554
22,-0.3193085645184876,0.0015377670781846,0.0009338178425597661
23,-0.2974595200233694,0.0015266350107423,0.0008685866047611194
24,-0.2756104901445084,0.0015150883044747,0.0008167841926472413
25,-0.2537614745327281,0.0015031516894349,0.0007650617325102941
26,-0.2319124683985398,0.0014908498548675,0.0006868173007654803
27,-0.2100634758954431,0.001478220155918,0.0006354086233016241
28,-0.1882144960167926,0.0014652871339746,0.0005707379627877222
29,-0.1663655199850851,0.0014520816565315,0.0005179896254993341
30,-0.1445165606473051,0.0014386289125997,0.00044110419228739694
31,-0.1226676048828068,0.0014249655977914,0.0004016998350898365
32,-0.1008186596273676,0.0014111105273701,0.00032362211882274225
33,-0.0789697261550632,0.0013971009748867,0.0002855831442434058
34,-0.0571207940075504,0.0013829550926715,0.00019405699153499475
35,-0.03527187216975,0.0013687165790196,0.00016834417280178467
36,-0.0134229556674339,0.0013543977054583,7.755255529224e-05
37,0.0084259561113568,0.0013400418133178,2.5713104284131802e-05
38,0.0302748629159197,0.0013256736496501,2.6234860310333515e-05
39,0.0521237656965107,0.0013113180124926,9.131362343994779e-05
40,0.0739726600908607,0.0012970059716484,0.0001425618690947383
41,0.0958215560462267,0.0012827619851888,0.0002210272321791751
42,0.1176704486904534,0.0012686235136408,0.0002724412726706835
43,0.1395193389701978,0.0012546151000927,0.00033738900610739465
44,0.1613682309239106,0.0012407677463296,0.0003896116439916009
45,0.1832171177022086,0.001227106386391,0.0004541723615780502
46,0.2050660069416225,0.0012136618350857,0.0005190037945346378
47,0.2269148954784432,0.0012004650432361,0.0005707425313199579
48,0.2487637878622073,0.0011875407068863,0.0006362440560374197
49,0.2706126755326861,0.0011749200998146,0.0006872462839527825
50,0.2924615726362953,0.0011626275611001,0.0007656003509289797
51,0.3143104700993211,0.001150700500296,0.0008175131224938962
52,0.3361593694718991,0.0011391636984407,0.0008691426762422812
53,0.3580082741026069,0.001128041800593,0.0009470810008427691
54,0.379857185116889,0.0011173720123084,0.000985956336605886
55,0.4017060985759682,0.0011071728938899,0.001063897501937203
56,0.4235550186058898,0.0010974816508817,0.0011156985162582764
57,0.4454039425552289,0.0010883230133482,0.0011933929707394822
58,0.4672528787491929,0.0010797340678415,0.0012195536172095879
59,0.4891018183623679,0.0010717273068966,0.0013097809500617068
60,0.5109507716047945,0.0010643457998619,0.0013624674028218432
61,0.5327997298298501,0.0010576147017396,0.0014268765613285274
62,0.5546486970723832,0.0010515647593658,0.0014657907960135136
63,0.576497674794938,0.0010462145500197,0.0015565451414752836
64,0.5983466672099529,0.0010416073980215,0.0015957036018816196
65,0.6201956655796117,0.0010377619996654,0.0016605386556259667
66,0.6420446757420031,0.0010347093057396,0.0017249797142549486
67,0.6638937011320993,0.0010324800800792,0.001777135607940921
68,0.6857427391008781,0.0010310992227145,0.0018549625865994024
69,0.7075917895728225,0.0010306038882157,0.001893695957847909
70,0.7294408570098758,0.001031012568868,0.0019717356353793447
71,0.7512899377372437,0.0010323625212344,0.00202324917813183
72,0.7731390369031419,0.0010346783393774,0.002075976467261515
73,0.7949881452610668,0.001037985195298,0.0021526219450766007
74,0.8168372765303449,0.0010423196826262,0.002218236648645273
75,0.8386864233517057,0.0010477131261256,0.0022570754720061827
76,0.8605355853868519,0.0010541840690893,0.0023215415298524457
77,0.8823847714720752,0.0010617632923282,0.0023999075493743574
78,0.90423396953306,0.0010704882054068,0.002438092203834834
79,0.9260831930299492,0.0010803770456271,0.0025036393512157455
80,0.9479324328026326,0.0010914611037663,0.0025808442035885957
81,0.9697816989735566,0.0011037772454137,0.002633182946196859
82,0.9916309828936968,0.0011173504556055,0.002671869173426385
83,1.013480289624877,0.0011321992096278,0.0027627201134421005
84,1.0353296185792948,0.0011483668828088,0.0028144395449391053
85,1.0571789713058877,0.0011658781712038,0.0028534144758783075
86,1.079028348067439,0.0011847516860899,0.0029444418369020697
87,1.100877748277346,0.0012050308877782,0.002995981052867149
88,1.122727173483347,0.0012267403873411,0.003047986020975056
89,1.1445766234359378,0.0012499050168137,0.0030994791486082403
90,1.166426103283336,0.0012745493702581,0.003190903258079438
91,1.1882756088408604,0.0013007170949616,0.003229340878869017
92,1.2101251403676925,0.0013284265472523,0.0032814472536254694
93,1.2319746988152902,0.0013577026101505,0.003371992891815068
94,1.2538242883948922,0.0013885885229934,0.003397928725696368
95,1.2756739098815668,0.0014210966763001,0.0034891191019418817
96,1.2975235542879933,0.0014552705983997,0.003527184615333767
97,1.3193732362740749,0.0014911284925966,0.00359256333065912
98,1.341222946678501,0.0015287015646849,0.0036706910183977137
99,1.3630726860280389,0.0015680271222018,0.0037607956138793093
100,1.3849224597312846,0.0016091482005207,0.004735179161409631
101,1.4067722515515633,0.0016525299626796,0.006423240493363326
102,1.428622043461596,0.0016989782855873,0.0081374220080089
103,1.4504718158096526,0.0017493115046674,0.009825973382594359
104,1.4723215409691766,0.0018043356838276,0.01155305515027632
105,1.4941711993748314,0.0018648752772674,0.013241942214751804
106,1.516020768202699,0.0019317364678525,0.01494252619549817
107,1.5378702319090154,0.0020057310133065,0.01665786760074309
108,1.5597195630460114,0.0020876776400041,0.018372249957370492
109,1.5815687419607565,0.0021783945983857,0.020060903030389043
110,1.6034177464256132,0.0022786877993694,0.021775407922706703
111,1.6252665603881322,0.0023893754763854,0.023478258502175706
112,1.6471151527124697,0.0025112701690597,0.025179643317268855
113,1.6689635072561813,0.0026451837370975,0.026907911556226814
114,1.6908116020556103,0.0027919407876769,0.02858414564463291
115,1.7126594171962468,0.0029523410449442,0.03031296940377561
116,1.7345069289159936,0.0031272092520572,0.03200213676348715
117,1.756354114384934,0.0033173511669665,0.033731013656757486
118,1.778200954641212,0.0035235914818218,0.03542090828872498
119,1.800047425057668,0.0037467361755366,0.03712302091596135
120,1.8218935118925803,0.0039875971248036,0.03884010429895303
121,1.843739182897938,0.0042469931070056,0.040555528399341984
122,1.8655844226199725,0.004525742253591,0.04224542909967013
123,1.887429212431524,0.0048246504584675,0.04396242021209705
124,1.909273520082184,0.0051445363290518,0.04537853334862458
125,1.9311173419055567,0.0054860752592925,0.03284044519506368
126,1.9529608340775504,0.0058432845980102,0.0005086362225222858
127,1.9748044389254709,0.0062007385683808,0.03335457196283555
128,1.9966486064549152,0.0065422801147924,0.06720139561687645
129,2.018493790358352,0.0068517582833988,0.10106683686629672
130,2.040340444752944,0.007113009695837,0.13488069831555133
131,2.062189024017435,0.0073098895000379,0.16869968062651006
132,2.0840399865581416,0.0074262405723716,0.20248657139783968
133,2.1058937781803,0.0074459058912351,0.23621432836515655
134,2.127750860374817,0.007352734281797,0.26987407923517276
135,2.1496116796356066,0.0071305749941976,0.30346739860319566
136,2.171476698478148,0.0067632644120897,0.3368956489513058
137,2.1933463622853866,0.0062346581083533,0.3771860676989825
138,2.215219989263018,0.0055252856802551,0.4486384646672569
139,2.2370917876763947,0.0046008915201107,0.5290498797252491
140,2.258954537073967,0.0034230667022132,0.6096764640330483
141,2.2808010129742136,0.0019534144024507,0.6904967887125566
142,2.302624001010777,0.000153531643904,0.7713702823281564
143,2.324416276528148,-0.0020149907200738,0.8520140621767615
144,2.3461706240478044,-0.0045905494286454,0.932133665683816
145,2.367879818916637,-0.0076115534584917,1.011208814967914
146,2.389536642653122,-0.0111163997187299,1.0887020887040306
147,2.411133874803312,-0.015143497305033,1.163849957281586
148,2.432664295087243,-0.0197312429905386,1.235858774123318
149,2.4541206849382,-0.0249180397181572,1.303721572673773
150,2.475495823827916,-0.0307422593440086,1.3419929152047594
151,2.4967825414943774,-0.0372295755637804,1.315616196474033
152,2.517973800352082,-0.0443738664131578,1.2794146390279721
153,2.5390625792625947,-0.0521641473363089,1.2431870202649289
154,2.560041862323289,-0.0605894029795808,1.2072932706961486
155,2.580904633193568,-0.0696386490081157,1.1718448902090624
156,2.601643870485491,-0.0793008760340466,1.1370730950161214
157,2.622252554523164,-0.0895650809242625,1.1031393447173319
158,2.642723664253346,-0.1004202730891386,1.070116018573494
159,2.663050186600021,-0.1118554494975683,1.03813974400073
160,2.683225097686936,-0.1238596069824313,1.0072864267656594
161,2.703241385459048,-0.1364217552090859,0.9775920506436014
162,2.723092019532616,-0.1495308843647161,0.9491077667983157
163,2.742769992738032,-0.1631759981318953,0.9218763277514443
164,2.762268280513969,-0.1773460993602973,0.8958806980464609
165,2.7815798655828523,-0.1920301850697893,0.8711500147848982
166,2.800697728181192,-0.2072172583310194,0.8476572834664371
167,2.8196148510302166,-0.2228963162488377,0.8254112260754972
168,2.8383242137677565,-0.2390563617919105,0.8043707179448447
169,2.856818800315996,-0.2556863920141027,0.7845429204395435
170,2.875091584911448,-0.2727754099010565,0.7658640143197888
171,2.893135560386904,-0.2903124189653789,0.7483350522199695
172,2.910943697557184,-0.3082864095132351,0.7319254812447599
173,2.928508978969525,-0.3266863909720103,0.716586331858001
174,2.9458243890572007,-0.3455013667013106,0.7022768620546649
175,2.9628829119211826,-0.3647203210925338,0.6956477531047122
176,2.9796764203070225,-0.3843378016733636,0.7190955660514861
177,2.996191718958012,-0.4043737293621681,0.7486510698433916
178,3.0124141602113186,-0.424855343757239,0.7750180236181179
179,3.0283290892907413,-0.4458098782190885,0.7979398765635577
180,3.0439218617092383,-0.4672645599385017,0.8172437203250907
181,3.059177823891571,-0.4892466222250055,0.8232767796289817
182,3.074084641655777,-0.5117742077818281,0.7846824194406874
183,3.0886406875012486,-0.5348235557625157,0.7372447885265204
184,3.1028474117294547,-0.5583588071346361,0.6938623546455538
185,3.116706269270508,-0.5823441150693346,0.6542101476184822
186,3.130218706827796,-0.6067436203472028,0.6179816097942656
187,3.143386179930115,-0.6315214762413677,0.585413849605521
188,3.1562100707886698,-0.656642608367226,0.5648718160159905
189,3.168690437434232,-0.6820862031462966,0.5536106436833486
190,3.180826172841013,-0.7078439586696134,0.5430132044826438
191,3.19261614210124,-0.7339079751336915,0.5328241473076119
192,3.2040592059339907,-0.7602703649385898,0.5230227833165002
193,3.2151542252335386,-0.7869232280768482,0.5136253675508398
194,3.2259000558323256,-0.8138586830162937,0.5045927806763207
195,3.2362955640247426,-0.8410688298174736,0.4959595410908541
196,3.2463396050409523,-0.8685457871011809,0.48768306900743374
197,3.2560310398640206,-0.8962816485712145,0.47978064112267266
198,3.2653687298129057,-0.9242685266446314,0.4722340105729669
199,3.2743515398046474,-0.9524985339254656,0.4650519876403512
200,3.2829783216549213,-0.9809637758451348,0.45907836665914403
201,3.291247064500755,-1.0096561245024611,0.4611283441362552
202,3.299148074609588,-1.0385653362813432,0.4676009348520734
203,3.3066676885831203,-1.0676800959149932,0.4746030482235308
204,3.3137922077981283,-1.0969890752360691,0.4820923159175639
205,3.320507930811972,-1.1264809332447858,0.4900603766206996
206,3.3268011590134234,-1.1561443409239718,0.4985015587153589
207,3.332658190179978,-1.185967970004292,0.507396314787904
208,3.338065326912168,-1.2159404906527436,0.5167391598951153
209,3.343008870142871,-1.2460505636371957,0.5265222551226046
210,3.347475118789351,-1.276286864971461,0.5367216356397353
211,3.351450374312372,-1.306638060539389,0.5473247084444591
212,3.354920938772585,-1.3370928162418272,0.5578998223804876
213,3.357873506924052,-1.3676398252606503,0.5457122165578443
214,3.360316742936787,-1.398269167630383,0.49910363518452217
215,3.3622922821952983,-1.4289730045739069,0.4499165289477519
216,3.3638444621354644,-1.459743645296718,0.4010940604260708
217,3.3650176275356296,-1.490573431518837,0.3527134653746781
218,3.36585611989884,-1.52145468191288,0.30480338968262144
219,3.3664042799962663,-1.5523797244825976,0.2573536817532204
220,3.366706452870239,-1.5833408822517492,0.2103444865092049
221,3.3668069756446544,-1.6143304865214112,0.16369806024667402
222,3.366750198268876,-1.6453408528028648,0.11737243664528595
223,3.3665804523958824,-1.6763643173431757,0.07123684808174488
224,3.3663420920662013,-1.707393203421088,0.025238075131755678
225,3.366079450324565,-1.7384198337203844,0.014256026307384529
226,3.365830602049032,-1.769437686653085,0.022847017070823313
227,3.36560380546612,-1.8004457014245248,0.022232683423289306
228,3.365398445385804,-1.831444435316933,0.021628121705008607
229,3.365213918399678,-1.86243446124946,0.02101374708418343
230,3.3650496141887523,-1.8934163315413448,0.02039426060634747
231,3.364904919686542,-1.9243906230889047,0.019780204088570116
232,3.364779229349102,-1.955357890047034,0.019161393714541668
233,3.3646719351129724,-1.986318695000928,0.018541699405433567
234,3.36458243004246,-2.017273605668762,0.01790692596473021
235,3.3645100946643867,-2.0482231851625854,0.017291540557847533
236,3.3644543298654987,-2.0791679997218973,0.01666259214009584
237,3.364414525242812,-2.1101086076147504,0.016029475346632086
238,3.3643900679818257,-2.1410455678910303,0.015402058870005423
239,3.364380352202618,-2.1719794585008696,0.014771058440377073
240,3.364384769997716,-2.202910830981676,0.014130987849011878
241,3.364402706057107,-2.23384025111398,0.013503469880326692
242,3.364433558268134,-2.2647682850522872,0.012863570732975315
243,3.364476713756302,-2.2956954960956346,0.012225225820240675
244,3.3645315621066274,-2.3266224433619027,0.01159400361180644
245,3.3645975006065747,-2.3575496929886,0.010948092504178632
246,3.364673913286253,-2.388477814988407,0.010310532621078908
247,3.3647601928020787,-2.4194073634652207,0.009677840028496138
248,3.364855737065392,-2.4503389028738867,0.009025214919767833
249,3.364959925391256,-2.4812729971422858,0.008395233904229362
250,3.3650721591703023,-2.512210219325557,0.006826470454121331
251,3.365190941125001,-2.5431510779053585,0.003135303377879034
252,3.3653067353701003,-2.5740956988414774,0.017592087575842515
253,3.36540569437102,-2.605043980492929,0.03209556526528556
254,3.365473918127641,-2.635995839285918,0.046573962628817585
255,3.36549752318458,-2.666951167460547,0.06105764184897937
256,3.3654626137648727,-2.6979098798623524,0.0755288218399464
257,3.3653552984467083,-2.728871880408072,0.08999615586542813
258,3.365161681189222,-2.759837060131004,0.10444407093891413
259,3.364867874577775,-2.790805336664157,0.11888794244037645
260,3.36445998301539,-2.821776612105618,0.13330716802909912
261,3.363924119279416,-2.852750790491118,0.14771621473087318
262,3.363246386633115,-2.8837277696355943,0.1622170315307094
263,3.3624127778179984,-2.9147073694071555,0.18408610456321853
264,3.361402362874095,-2.945684034268732,0.21762427534878995
265,3.3601834376877857,-2.976643849714181,0.25255322572541
266,3.358723363197786,-3.00757217590388,0.28797957364628923
267,3.3569895051538508,-3.0384543722843653,0.3240044143498953
268,3.354949224950585,-3.0692758092309744,0.3606958924748509
269,3.352569892620898,-3.1000218403604265,0.3981354512492652
270,3.349818868923518,-3.130677838580548,0.4363624601574777
271,3.346663516020919,-3.1612291623860544,0.4753971743898288
272,3.343071202578261,-3.1916611772572883,0.5152529367309585
273,3.3390092955450603,-3.221959242674784,0.5559125017930222
274,3.334445151588876,-3.252108723778907,0.5973005261221173
275,3.3293461352477056,-3.2820949808320283,0.6379514089713434
276,3.3236809034770536,-3.3119033911659854,0.65151556827702
277,3.317443995908021,-3.341519537597301,0.6400138109400352
278,3.3106539274088016,-3.37092918413183,0.6281444139779705
279,3.303330140238076,-3.400118122755337,0.6169680789784693
280,3.2954920545669584,-3.4290721371761594,0.6064871159132882
281,3.287159098508991,-3.457777001125657,0.5967252388899987
282,3.278350709667804,-3.486218496255644,0.587741355454645
283,3.269086308838392,-3.514382404591794,0.5795313325119862
284,3.2593853275295874,-3.5422545144145743,0.572143064503524
285,3.24926719624246,-3.569820600373169,0.5655944647886948
286,3.2387513471697185,-3.597066444816233,0.559932363547298
287,3.227857199846599,-3.6239778339845934,0.5551627864811541
288,3.216604188253453,-3.650540551127731,0.5529978709130104
289,3.2050083852230538,-3.676744493441721,0.5557885601126767
290,3.1930766654983165,-3.702590867439255,0.5589956010010947
291,3.180814346362004,-3.728082802792548,0.5617831183636184
292,3.168226727688352,-3.753223429530677,0.5641152321017402
293,3.1553191214331955,-3.778015872073889,0.565994527928609
294,3.1420968363849813,-3.8024632666550526,0.5674254117538388
295,3.128565181428147,-3.826568742708401,0.5684028635770529
296,3.114729467894649,-3.8503354263368377,0.5689284040563761
297,3.100595005880684,-3.873766446158762,0.5690169318428234
298,3.0861670977440063,-3.896864926322439,0.5686343584446135
299,3.071451056976108,-3.919634009995368,0.5678386883325806
300,3.056452187146502,-3.94207682050998,0.5666821679076688
301,3.041175802886685,-3.9641963777914286,0.5711255729266487
302,3.025626882884312,-3.9859888075682974,0.5855170961123619
303,3.0098099263275646,-4.007439270091235,0.6019813408147383
304,2.993729372418469,-4.028531946215526,0.6197337579841783
305,2.977389673076523,-4.049251008655125,0.6388367971279401
306,2.960795271019035,-4.069580644316121,0.6593619737940026
307,2.943950610954942,-4.089505026558315,0.6813554590986934
308,2.9268601436039825,-4.109008328061666,0.7048713190102757
309,2.9095283127752314,-4.128074743414729,0.7300154640339168
310,2.8919595614859803,-4.146688438277838,0.756798855167989
311,2.874158337936453,-4.16483359376126,0.7852982116624792
312,2.8561290896789977,-4.18249439435758,0.8155858687045361
313,2.8378762595869134,-4.199655015925093,0.8476813638248665
314,2.819404300695462,-4.216299637160567,0.8816603913471025
315,2.800717650503022,-4.232412432069646,0.9174918820575423
316,2.7818207576537084,-4.247977592827384,0.955261747111753
317,2.762718070023848,-4.262979280980958,0.9948822965228606
318,2.7434140344579125,-4.277401688654425,1.0363975863789334
319,2.7239130909377964,-4.291228983972617,1.079656325887922
320,2.7042196947182955,-4.304445358447745,1.1246582698426868
321,2.6843382857933,-4.317034979354811,1.1711742742291031
322,2.6642733110672783,-4.328982034568719,1.2190719023714498
323,2.644029213989416,-4.340270701664427,1.2680945175918552
324,2.623610447115084,-4.350885150823402,1.3179265698402407
325,2.6030214484105514,-4.3608095654164165,1.368175346751987
326,2.582266671282973,-4.370028140304006,1.3986029397225048
327,2.561352526696989,-4.378535188430688,1.3706733366962804
328,2.540290949090891,-4.386353586841594,1.3285293481992895
329,2.519094847950518,-4.393511238361482,1.2825728713670126
330,2.4977771367209702,-4.400036020422208,1.2334034362668462
331,2.4763507183733955,-4.405955829712735,1.1816921839167838
332,2.4548285121597067,-4.411298557432183,1.1280297270531507
333,2.4332234120648564,-4.416092099164703,1.0729609524517385
334,2.411548341132022,-4.420364332614129,1.0168787487696125
335,2.3898161992249647,-4.424143162032902,0.9602489455789155
336,2.3680398991049043,-4.427456470784684,0.903334174487997
337,2.346232354024953,-4.43033214989861,0.8464009644075596
338,2.3244064646647367,-4.432798088347176,0.7894500034783725
339,2.302574366868555,-4.434882322613492,0.7309478037857716
340,2.2807405538265138,-4.436614258177022,0.670639826361417
341,2.258905187521409,-4.438024075562878,0.6093132735407877
342,2.237068394291138,-4.4391419721396685,0.5472550247920573
343,2.215230276442396,-4.439998147145534,0.48469699906979713
344,2.193390962808592,-4.440622791218439,0.4217817343799772
345,2.171550564718624,-4.441046102151848,0.35866410431423057
346,2.14970919417326,-4.441298272657246,0.29543031795845465
347,2.1278669757827515,-4.441409494953264,0.23212471786433658
348,2.10602401601696,-4.441409970946528,0.16882366331812565
349,2.084180440661895,-4.441329894589325,0.10552401754631287
350,2.0623363646577326,-4.441199462927285,0.042262497343264406
351,2.0404919001132367,-4.441048861023422,0.012956523239360933
352,2.018647151453923,-4.440904440306372,0.026081382560655557
353,1.9968021442588864,-4.440772464703572,0.025456250952870886
354,1.974956895337325,-4.440652636281664,0.02484792806010423
355,1.953111399782768,-4.440544664993635,0.024235210258388738
356,1.9312656719208992,-4.440448258786945,0.023627058621679072
357,1.9094197098446448,-4.4403631276995705,0.02302862763480881
358,1.8875735271838177,-4.440288986460613,0.02239234631405905
359,1.865727128222132,-4.440225531680761,0.02179549321077094
360,1.8438805211784768,-4.440172478785954,0.02118393332020459
361,1.822033705369543,-4.440129536148508,0.02056251323515658
362,1.8001866945811278,-4.440096407449735,0.019963473953162888
363,1.778339488045923,-4.440072807010761,0.019342069180786958
364,1.7564920983499692,-4.440058438478897,0.018745186532295163
365,1.7346445301128792,-4.440053017178093,0.018119775109739073
366,1.7127967869464928,-4.440056244801015,0.017510488395134364
367,1.6909488735544145,-4.4400678307228025,0.01690197297619986
368,1.669100806637852,-4.440087484658568,0.01630471515135566
369,1.6472525824180968,-4.440114921694275,0.015667198508465666
370,1.625404208190263,-4.440149837675776,0.015072600255192225
371,1.603555693361003,-4.440191948912839,0.014459857096105682
372,1.581707041458162,-4.440240963046942,0.01385283325391049
373,1.5598582613725074,-4.4402965904220455,0.013227694462706385
374,1.538009356715878,-4.4403585327308175,0.0126332417911127
375,1.5161603368949264,-4.440426506283026,0.012008126787218892
376,1.4943112049216114,-4.440500212754342,0.011399500535999925
377,1.472461970298581,-4.440579361655894,0.010802965089661672
378,1.450612636445686,-4.440663668277629,0.010181614852110644
379,1.428763208150528,-4.440752836045876,0.009569683710212456
380,1.406913697339271,-4.440846572840098,0.008960562508265558
381,1.3850641045163623,-4.440944587916437,0.008352288962547312
382,1.3632144421838466,-4.44104659087102,0.007743170340374078
383,1.3413647102462924,-4.441152290942989,0.007116853910091246
384,1.3195149171265772,-4.441261389111176,0.006524378407759936
385,1.297665071019595,-4.441373602501181,0.005913574924497774
386,1.2758151724417908,-4.441488639519318,0.005291427256610796
387,1.253965237590485,-4.441606203065064,0.004694596661274866
388,1.232115262686969,-4.44172600822438,0.004072225781340558
389,1.2102652603292836,-4.44184775779475,0.0034617310502443937
390,1.188415234633155,-4.4419711602844805,0.002853024251625852
391,1.1665651897023075,-4.442095925051709,0.0022449243695040564
392,1.144715138038789,-4.44222176169256,0.0016484324916128828
393,1.1228650800630522,-4.442348385411987,0.0010115655668974624
394,1.101015024269969,-4.442475492089839,0.00041529243283495423
395,1.0791649740793925,-4.442602797016068,0.000207334516514693
396,1.0573149378902036,-4.442730002869162,0.0007889427749510258
397,1.0354649250250576,-4.442856831907699,0.0014243785619004448
398,1.0136149391677924,-4.44298298072537,0.0020365971567225614
399,0.9917649850460108,-4.443108156997649,0.0026311532118186275
400,0.9699150654676862,-4.443232076847318,0.0032655882836698947
401,0.9480651985137728,-4.44335443727604,0.0038250824200392764
402,0.9262153795537,-4.443474971199207,0.004122052808566348
403,0.904365614790494,-4.443593536814202,0.004018899125915846
404,0.8825159029283203,-4.443710183394164,0.003913878516559071
405,0.8606662438591077,-4.443824961096064,0.0038519100095879785
406,0.8388166329637223,-4.443937899544961,0.003732434803956947
407,0.8169670730374992,-4.4440490557814565,0.0036434275334518303
408,0.7951175640803583,-4.44415847231405,0.0035387751807630687
409,0.7732681005853048,-4.444266199146722,0.003450095604131874
410,0.7514186777532217,-4.44437227865198,0.003369355531758183
411,0.7295693046422231,-4.444476749344156,0.003254098903511061
412,0.7077199744735623,-4.444579666292213,0.0031632596544348157
413,0.6858706878350382,-4.444681072871477,0.003060331421160093
414,0.6640214398315387,-4.444781018253098,0.0029800443895561263
415,0.6421722329224999,-4.444879540764419,0.0028805891472092745
416,0.6203230634365653,-4.444976687910928,0.0027863065620231378
417,0.5984739301378981,-4.445072504716614,0.002670333938927668
418,0.5766248364457107,-4.445167046539421,0.0026068014131284812
419,0.5547757741295909,-4.445260343752245,0.00248884135983669
420,0.532926749596152,-4.44535245264785,0.0023985630602464214
421,0.5110777550348762,-4.445443416363581,0.0023078730736294135
422,0.4892287886340409,-4.445533278206771,0.0022022086965324413
423,0.4673798592837768,-4.4456220885893725,0.0021159320764854903
424,0.4455309525988806,-4.445709888762082,0.002020946563383622
425,0.4236820775414764,-4.44579672403787,0.0019323168524438142
426,0.401833228112683,-4.445882636755248,0.001814798165710359
427,0.3799844041204345,-4.445967683019996,0.001725760104595529
428,0.3581356055646494,-4.446051905340612,0.001645743064051978
429,0.3362868307056044,-4.446135341925449,0.0015285444312030723
430,0.3144380745521924,-4.446218048744297,0.001453421529782317
431,0.2925893419993672,-4.446300061643002,0.0013469821839644203
432,0.2707406269282562,-4.446381431458376,0.001245519012813107
433,0.2488919286549054,-4.446462206630732,0.0011668349544287668
434,0.2270432520502698,-4.446542424705579,0.0010642743194614187
435,0.2051945862204358,-4.446622134684075,0.0009570668035914921
436,0.1833459364442518,-4.4467013877260095,0.0008842040150463399
437,0.1614973004301099,-4.446780218623416,0.0007630362102224284
438,0.1396486791617046,-4.446858685215733,0.0006868527136760408
439,0.1178000667241512,-4.446936823892659,0.000571144459767193
440,0.0959514623375006,-4.4470146898931455,0.0005049994022376116
441,0.074102869756943,-4.447092314779894,0.00037557039208575344
442,0.0522542803080965,-4.447169760369511,0.0003127448303646246
443,0.0304057013694296,-4.447247056627031,0.0001919755477438644
444,0.008557127925836,-4.447324261221902,0.00011744972317092052
445,-0.0132914441259301,-4.447401409744992,0.0
446,-0.0351400167655775,-4.447478557401253,8.070741321270461e-05
447,-0.0569885809469885,-4.447555743554848,0.00019375586576123247
448,-0.0788371506354723,-4.44763302222092,0.0002584019315172657
449,-0.1006857178646805,-4.447710424231336,0.00037739140238839613
450,-0.1225342876377186,-4.447788006405713,0.0004678980898156771
451,-0.1443828647657066,-4.447865811966389,0.0005681471711948431
452,-0.1662314415222789,-4.44794388874183,0.0006512120265173008
453,-0.188080027469599,-4.448022276419061,0.0007637213621341904
454,-0.2099286179646957,-4.448101028690364,0.0008435056703011253
455,-0.2317772183465734,-4.448180183662096,0.000945213390951958
456,-0.2536258256999062,-4.448259789876564,0.001039036440391008
457,-0.2754744484590916,-4.44833989215377,0.0011410530444781897
458,-0.2973230790897285,-4.448420539166911,0.0012191031520246006
459,-0.3191717221989656,-4.448501768192914,0.0013345063127034454
460,-0.3410203830658502,-4.448583634343237,0.0014276583701928066
461,-0.3628690535560934,-4.448666182057225,0.0015175568177025372
462,-0.3847177474190268,-4.448749454303932,0.0016196125329010797
463,-0.4065664565203679,-4.448833499773552,0.001699709282318617
464,-0.4284151814600692,-4.448918356706737,0.001802358608929118
465,-0.4502639316923318,-4.449004074145442,0.001918650771163006
466,-0.4721126992388567,-4.449090707576801,0.0019842117555586305
467,-0.493961488922737,-4.449178288320434,0.002087156391487021
468,-0.5158103057590631,-4.449266865544088,0.0021924698737271846
469,-0.5376591460766641,-4.449356489511825,0.002281158720921032
470,-0.5595080149745993,-4.4494472025876535,0.002388259179950116
471,-0.5813569086737213,-4.4495390558888674,0.002473388944801895
472,-0.603205832189103,-4.449632090081513,0.0025573433617485943
473,-0.6250547816455952,-4.449726345233393,0.0026688704415015465
474,-0.646903766617384,-4.449821874633916,0.002775958294836344
475,-0.6687527834452965,-4.449918729396971,0.00284002899684082
476,-0.6906018325013163,-4.45001694011814,0.0029557110631432734
477,-0.7124509146253796,-4.450116562034674,0.0030461769592386788
478,-0.7343000347485814,-4.450217638365511,0.003151477330472857
479,-0.7561491892597384,-4.450320219373013,0.003229171011187379
480,-0.7779983874450638,-4.450424342201515,0.0033436846206783893
481,-0.7998476211942819,-4.450530061491723,0.0034252254420639307
482,-0.8216968956184442,-4.450637416206626,0.003524888564772819
483,-0.8435462112695299,-4.450746453940102,0.0036316613737146283
484,-0.8653955688674909,-4.450857225681953,0.0036936262912187156
485,-0.8872449732114233,-4.4509697610521375,0.003825308074534159
486,-0.909094425249256,-4.451084122936376,0.00391667166812975
487,-0.9309439168346998,-4.451200354924181,0.003992255276793643
488,-0.9527934615611048,-4.451318493187667,0.004095764598877935
489,-0.9746430557453,-4.451438587141069,0.004202834700432111
490,-0.9964926957281142,-4.451560687898277,0.0042893857616477975
491,-1.0183423909157436,-4.4516848368510775,0.004369757061482377
492,-1.0401921374090404,-4.451811072367614,0.00449932819110505
493,-1.0620419405230583,-4.451939456359685,0.004563682603281349
494,-1.0838917961906684,-4.45207001954866,0.004679319989635851
495,-1.1057417053117946,-4.452202817170092,0.004771508775958169
496,-1.1275916728895194,-4.45233789329105,0.004847682045464879
497,-1.1494417036989566,-4.452475284333529,0.0049781816893070055
498,-1.1712917899777755,-4.452615052579907,0.005041892658273984
499,-1.1931419364170954,-4.452757228503369,0.005148293555786005
500,-1.2149921482359685,-4.452901862966227,0.005250001112598485
501,-1.2368424217392249,-4.45304900453288,0.005326156613330707
502,-1.2586927617019783,-4.453198689625329,0.0047462429878000496
503,-1.2805431598933534,-4.453350641321381,0.001853764116097305
504,-1.3023935793461432,-4.453503478292117,0.0015059199432196407
505,-1.3242439930267338,-4.453655596182576,0.004848320964853542
506,-1.346094356552996,-4.453805398780936,0.008166857764238674
507,-1.3679446387281864,-4.453951301404121,0.01155222808673911
508,-1.3897947949421825,-4.454091687442689,0.014858996736367898
509,-1.411644798521347,-4.454224978036579,0.018243075761769034
510,-1.4334946046875932,-4.454349557431281,0.02154804817397511
511,-1.4553441781410104,-4.454463847861349,0.024920731788170548
512,-1.477193478686607,-4.454566239393589,0.028269822976207837
513,-1.4990424793147752,-4.454655133623555,0.031614620830626786
514,-1.5208911355234105,-4.45472893434282,0.03494988136946145
515,-1.5427394121205549,-4.454786050180163,0.03829805847381662
516,-1.5645872727504715,-4.454824883846145,0.041673308812261625
517,-1.586434677878038,-4.454843825388875,0.044983473650312564
518,-1.608281592011379,-4.454841296198177,0.048370950681348064
519,-1.6301279827419364,-4.454815681019192,0.05169603373632039
520,-1.651973807283282,-4.454765394647091,0.05505961059021989
521,-1.6738190327949656,-4.454688833741635,0.0584124290587224
522,-1.6956636157106917,-4.454584400367542,0.061762955944031236
523,-1.7175075292848037,-4.454450497813225,0.06510226838987396
524,-1.7393507282473597,-4.454285534993039,0.06846731164175737
525,-1.7611931773583889,-4.454087908634739,0.07182184906514937
526,-1.7830348414499166,-4.453856020565064,0.07517298711775122
527,-1.804875688377365,-4.45358827422541,0.07599751161890149
528,-1.826715752813064,-4.453284277555055,0.061523012364855516
529,-1.848555581656628,-4.4529509294892815,0.04135018871256735
530,-1.8703958927545985,-4.452597842962984,0.021137706790466542
531,-1.892237416814976,-4.452234649250339,0.0009577408385735271
532,-1.9140808801546143,-4.451870966147236,0.019245630310198856
533,-1.9359269997082755,-4.451516427018487,0.039426101372804646
534,-1.9577765073477225,-4.4511806605547815,0.05955987621915832
535,-1.979630123355012,-4.450873282172508,0.07968737040914264
536,-2.001488579529913,-4.450603915463375,0.09981627048329449
537,-2.023352588680022,-4.450382199010169,0.11986583625429437
538,-2.045222885520512,-4.45021775037079,0.13990292281413166
539,-2.067100192373065,-4.450120201907235,0.15592217365283698
540,-2.088985090715952,-4.450097286441894,0.06254142166803382
541,-2.110874186211881,-4.450104329356621,0.15223645669472644
542,-2.1327596799268296,-4.450038447280493,0.37368597701229517
543,-2.154633540695537,-4.449793740218732,0.5960229663287763
544,-2.176487730250175,-4.449264315179183,0.8194391820662723
545,-2.198314219645016,-4.448344259351619,1.0433553980808774
546,-2.220104977198912,-4.44692767870707,1.237278279287724
547,-2.241851970033279,-4.444922662847122,1.3310624707349636
548,-2.263547160270906,-4.442284253004995,1.4016295524205507
549,-2.2851825037063644,-4.438977327910626,1.4685139756836911
550,-2.306749970711336,-4.434966778633434,1.5306434558622333
551,-2.328241512869233,-4.43021748317252,1.5867743299072516
552,-2.3496490955967064,-4.4246943216855,1.6266859200573611
553,-2.3709650796038915,-4.418366708987661,1.553019032983649
554,-2.3921866317861618,-4.411258451055984,1.410117694769307
555,-2.413314110108533,-4.40342937016286,1.2711511843569054
556,-2.434347918907971,-4.394939937646701,1.138187554707852
557,-2.4552884660127265,-4.385850617095459,1.0114981631182638
558,-2.4761361622744507,-4.376221873711751,0.8990287885309007
559,-2.4968901646317554,-4.366110031345119,0.8876709227049341
560,-2.517534464637977,-4.355521448059552,0.9405934798610172
561,-2.538042984281663,-4.344429276513491,0.9936015005688903
562,-2.5583894649743595,-4.332806078513224,1.0452426952252032
563,-2.5785476529506504,-4.320624417428705,1.0951551276536025
564,-2.598491291433722,-4.307856855865052,1.1426267830766312
565,-2.618194205866557,-4.294476084173525,1.1574741576369447
566,-2.63763952842619,-4.280469248823295,1.1136781601663595
567,-2.656828265967331,-4.265851257920237,1.0639606250079432
568,-2.675763444642776,-4.250640157288113,1.0151913986062517
569,-2.694448096556127,-4.234853989181378,0.9676136832174194
570,-2.712885244452888,-4.218510813123071,0.9214576525276937
571,-2.7310779209165457,-4.20162866285235,0.8768189659650323
572,-2.749029155903166,-4.184225598538095,0.8338716000279638
573,-2.7667419693987565,-4.16631965427644,0.7926030786064415
574,-2.784219393075027,-4.1479288842364594,0.7530867466207635
575,-2.801464457379927,-4.129071340921565,0.7153511577540715
576,-2.8184801865106257,-4.109765059158728,0.6793296923581117
577,-2.835269610939071,-4.090028093151022,0.6454013715441269
578,-2.85183558553996,-4.06987830143731,0.6240685660670139
579,-2.868175851331988,-4.049327873155543,0.6159902873116158
580,-2.884282386562312,-4.028382634838834,0.6091676020810429
581,-2.900146850941086,-4.0070480394702015,0.602850709114202
582,-2.91576090323069,-3.9853295579130927,0.5970325509617005
583,-2.931116202709388,-3.963232655065146,0.5916720302449914
584,-2.9462044135624743,-3.940762803336476,0.5867689970747151
585,-2.961017199159383,-3.917925459857262,0.5822825620057586
586,-2.9755462176746104,-3.894726096357777,0.5782029635060325
587,-2.989783125387021,-3.8711701778206544,0.5744888504935832
588,-3.003719589385317,-3.847263169772376,0.5711333141691131
589,-3.0173472738068,-3.82301054122374,0.5681363564840054
590,-3.030657828283656,-3.7984177539450457,0.5654326075577395
591,-3.0436429211403464,-3.773490275978267,0.5630335401908643
592,-3.056294216490172,-3.748233574634542,0.5609281786139955
593,-3.0686033688003587,-3.7226531140976697,0.5590734999939603
594,-3.0805620410204444,-3.6967543642622736,0.5574721562866486
595,-3.0921618935684587,-3.670542785742846,0.5560873563501719
596,-3.103394593005219,-3.6440238491818464,0.5549338026252348
597,-3.1142517913864305,-3.617203017981239,0.5539572394360579
598,-3.124725155224916,-3.590085759384168,0.5531680393074265
599,-3.13480634437482,-3.5626775365716083,0.5525385087084019
600,-3.1444870176105204,-3.5349838212568403,0.5520516973720995
601,-3.153758839009322,-3.507010078201509,0.5516991312058714
602,-3.162613467861487,-3.478761773153083,0.5514335174528954
603,-3.171042581177777,-3.4502443943114733,0.548169235385085
604,-3.179039817858869,-3.421466752007819,0.5393431004545165
605,-3.186602660105034,-3.392444126280931,0.5306800556030177
606,-3.193729035372935,-3.363192559907401,0.5228800974600653
607,-3.2004168740106445,-3.3337280879303632,0.5159187581321332
608,-3.206664101735182,-3.3040667574265563,0.5097657240843201
609,-3.2124686495304964,-3.274224605971603,0.5044070423581483
610,-3.2178284435455,-3.244217668727626,0.49980504530418274
611,-3.222741419107291,-3.2140619933492127,0.4959722116532434
612,-3.227205497481747,-3.1837736091856703,0.4928642530541332
613,-3.2312186063055206,-3.153368571761041,0.4904730116408114
614,-3.234778683545134,-3.122862903150021,0.4888098376634758
615,-3.237883647827042,-3.092272658281807,0.483878651314151
616,-3.240535271561071,-3.061612858745688,0.4541345413312253
617,-3.242759918591057,-3.030892045574034,0.41452916994728317
618,-3.244593696955397,-3.000116212872741,0.37508780672636793
619,-3.246072725094354,-2.969291326397336,0.3358783251894221
620,-3.2472331205604115,-2.9384233740329218,0.2969323813376037
621,-3.2481110053091182,-2.907518315484224,0.25826552914017487
622,-3.2487425011881106,-2.876582145315992,0.21986896969337785
623,-3.2491637350239726,-2.845620828195939,0.18173928862123695
624,-3.249410820110032,-2.814640347879012,0.1438190175083194
625,-3.249519878617821,-2.783646679366872,0.10606812598480678
626,-3.24952703628216,-2.7526457950097005,0.06844832139063872
627,-3.2494684075721354,-2.7216436768287857,0.031391984656885356
628,-3.249379622325548,-2.690646198153982,0.010272416514637063
629,-3.2492809923901387,-2.659656389827452,0.007700791592001623
630,-3.2491749927023355,-2.6286739147632563,0.006162099070927536
631,-3.2490631031052333,-2.597698259182551,0.004636221286525434
632,-3.248946789176796,-2.566728919062592,0.0030880247904483526
633,-3.248827536051045,-2.5357653728230765,0.0015593482530202388
634,-3.2487068086100725,-2.504807109659621,1.2370528851529882e-05
635,-3.248586087920729,-2.473853617459042,0.0015194897531256293
636,-3.2484668394169907,-2.4429043820006395,0.003072314300607074
637,-3.248350547680995,-2.4119588851204266,0.004610894583145104
638,-3.248238682969755,-2.3810166141613696,0.006151308215760985
639,-3.2481327168360377,-2.3500770632310792,0.007699379252018803
640,-3.248034127851181,-2.319139713485727,0.009240739885944359
641,-3.2479443881558328,-2.288204058166095,0.01077911735271803
642,-3.247864967143143,-2.2572695659358875,0.012332572158229757
643,-3.247797349131349,-2.226335742443359,0.013867468704126069
644,-3.2477430012220725,-2.19540206406868,0.01540983667067858
645,-3.2477033985433623,-2.1644680231178075,0.01695032993582422
646,-3.2476800154793963,-2.133533101715736,0.01849077897624929
647,-3.247674327674109,-2.102596786202612,0.02002466405945176
648,-3.2476878060083902,-2.071658565604065,0.021565447082507447
649,-3.247721929713456,-2.0407179253084187,0.023101082075246204
650,-3.2477781750691177,-2.009774354188311,0.024622361179516265
651,-3.247858006837474,-1.978827332941059,0.026153208648386658
652,-3.247962901358333,-1.947876354688452,0.027643520593813815
653,-3.248094298834712,-1.9169209033742485,0.023079714694187646
654,-3.248247837274718,-1.885960871358454,0.006276358924181498
655,-3.248407412300245,-1.8549969700436373,0.011972213181635018
656,-3.24855552249673,-1.82402999888004,0.03023378500173422
657,-3.2486746467375656,-1.7930607638276723,0.04847672836955985
658,-3.248747278893143,-1.7620900704215765,0.06673085135078867
659,-3.2487559031637794,-1.731118719369794,0.08498873437520854
660,-3.2486830044216672,-1.7001475164623494,0.10324474046303134
661,-3.248511076021312,-1.669177273200092,0.12152341987957702
662,-3.2482225972799967,-1.6382087844782456,0.13979542334278725
663,-3.247800061552228,-1.6072428617976593,0.15808639029603708
664,-3.2472259493310487,-1.576280298319899,0.17636170143822236
665,-3.24648275827812,-1.545321913075292,0.1959888769880378
666,-3.245551726897291,-1.5143697926714337,0.2246184101439637
667,-3.244405824278325,-1.4834346262708162,0.25728134441461786
668,-3.243014608995653,-1.4525306284158126,0.290436544558826
669,-3.2413476411474464,-1.421672036560208,0.3241780310599654
670,-3.239374471125802,-1.390873080781298,0.35856292723794675
671,-3.237064654001866,-1.3601479825220884,0.39365816989447133
672,-3.234387745146764,-1.3295109844713342,0.42951051199640033
673,-3.231313295420481,-1.2989763073412035,0.46614131739368647
674,-3.227810859414276,-1.2685581810900006,0.5035553432217276
675,-3.2238499971423247,-1.2382708372226996,0.5417559680944549
676,-3.219400254161686,-1.2081285034030982,0.5806698988086724
677,-3.2144311912304087,-1.1781454213171316,0.6202416550982582
678,-3.2089123579247225,-1.148335805762155,0.6499893348932331
679,-3.202822859248648,-1.1187131714264356,0.6420350365833494
680,-3.1961768457448017,-1.0892883786766607,0.6256726461746144
681,-3.1889964812601663,-1.0600716858806354,0.6096411628168464
682,-3.181303948609901,-1.0310733347154308,0.5940261715931753
683,-3.173121420735182,-1.0023035900925088,0.5788414746974513
684,-3.164471073432595,-0.9737727066403769,0.5641248731250076
685,-3.155375076955816,-0.9454909289425724,0.5498941462845334
686,-3.1458556083251907,-0.9174685132932648,0.5361688277612409
687,-3.135934847572462,-0.88971571675146,0.5229774448710075
688,-3.1256349608001424,-0.8622427874190071,0.510308979206587
689,-3.114978129347729,-0.8350599899693838,0.49817802101818026
690,-3.103986528243939,-0.8081775671504765,0.48754463403511034
691,-3.092681391612543,-0.7816055975945458,0.49025905039628215
692,-3.0810712890951355,-0.755351811697294,0.5026182920337604
693,-3.069155702449869,-0.7294222209035104,0.5155847641206709
694,-3.056933903903987,-0.7038228303530363,0.5289009135635754
695,-3.0444051724417225,-0.6785596137079823,0.5425950695580896
696,-3.03156878791477,-0.6536385635646695,0.5566509949412082
697,-3.0184240307711057,-0.6290656722474711,0.5710626618799768
698,-3.0049701759745893,-0.6048469261999572,0.5858190870534974
699,-2.9912064948886026,-0.5809883118827077,0.6008843680911592
700,-2.9771322769593205,-0.5574958213651128,0.6162655800639145
701,-2.96274679706421,-0.5343754349719665,0.6319492605278516
702,-2.948049330427514,-0.5116331575881498,0.6478683880151965
703,-2.933039153636346,-0.4892749631137348,0.6626492686909204
704,-2.9177166001328736,-0.4673066160296812,0.6682145335579908
705,-2.9020891735928025,-0.4457323081793579,0.6700634592507053
706,-2.8861673921106163,-0.4245555949910171,0.6721758035924013
707,-2.869961769915137,-0.4037800131286777,0.674572952150051
708,-2.853482835635905,-0.3834090991033352,0.6773281111804995
709,-2.8367411030782512,-0.3634464020885085,0.6804140300452406
710,-2.819747099668356,-0.3438954583742417,0.6839130109889379
711,-2.80251134101359,-0.3247598172530232,0.6877924536554586
712,-2.78504435805302,-0.3060430087941277,0.6921613808465703
713,-2.767356661592576,-0.2877485822560688,0.696984195266435
714,-2.7494587791472336,-0.2698800802176324,0.7023224712066786
715,-2.7313612291485736,-0.2524410394787946,0.709037043734411
716,-2.713074288407008,-0.2354354804617294,0.7454794737505956
717,-2.694599715529764,-0.2188838651298101,0.8204354009495363
718,-2.6759288563219297,-0.2028267933135747,0.9020053903195367
719,-2.6570523963737287,-0.1873060915587371,0.9882003590521157
720,-2.6379610437325285,-0.1723636043083469,1.0790688855553618
721,-2.6186454844996403,-0.1580411518023771,1.174548192037194
722,-2.5990964178130254,-0.1443805850276024,1.2580164192336014
723,-2.5793090031879764,-0.1314157421443532,1.2822743041304303
724,-2.5592951675712854,-0.1191504173438114,1.2915055759797183
725,-2.539070782309236,-0.1075813359328942,1.2999573816763308
726,-2.518651727146432,-0.0967052229805346,1.3077236692366
727,-2.498053874116633,-0.0865188099804099,1.314824937973435
728,-2.4772930979890138,-0.0770188096449427,1.3200236661302984
729,-2.4563850757699366,-0.0682011042333771,1.3048487613571256
730,-2.4353427312006115,-0.0600498087755684,1.2722495563911593
731,-2.41417696305822,-0.0525404414622173,1.2356227434551805
732,-2.3928986378388144,-0.0456483168478696,1.1958452287840613
733,-2.3715186083276034,-0.039348755996821,1.153411172766526
734,-2.350047736397987,-0.0336170860921095,1.1087738043514097
735,-2.3284968873462595,-0.0284286217222786,1.0624295796230427
736,-2.306876910958228,-0.0237586840366185,1.0147456375918216
737,-2.2851986755307854,-0.0195825876236613,0.9661378688417184
738,-2.263473032736973,-0.0158756597854596,0.9168686122851609
739,-2.24171084496248,-0.0126132214842934,0.867202155856036
740,-2.2199229775023968,-0.0097705872237233,0.8173597623062847
741,-2.1981202619733446,-0.0073230664254533,0.7650640662115201
742,-2.1763104994828746,-0.0052445302872515,0.7070030891575234
743,-2.15449500414881,-0.0035057690915132,0.6472189506526985
744,-2.1326742497114832,-0.0020771757602721,0.5866266951490384
745,-2.1108487292801748,-0.0009291549091505,0.5254035849553107
746,-2.089018923704984,-3.209296745372049e-05,0.4638274834707863
747,-2.0671853135853056,0.0006435988884607,0.401943863945436
748,-2.045348379772438,0.0011275341443045,0.33994088886430845
749,-2.02350861108891,0.0014493142692224,0.2778735015487751
750,-2.0016664891610865,0.0016385403584067,0.2157905448543415
751,-1.979822497412576,0.0017248137280124,0.15372060734845228
752,-1.957977115069024,0.0017377354902194,0.09164638481710877
753,-1.9361308319787307,0.0017069194707054,0.030384465326362173
754,-1.9142841157279584,0.0016616010487455,0.004586365967591256
755,-1.892437250350088,0.0016184713295255,0.006469445835930355
756,-1.8705902495590865,0.0015784291613455,0.006313768050755173
757,-1.8487431186040435,0.0015414003030721,0.006106320844640738
758,-1.826895863683105,0.0015072858005175,0.005950155908233269
759,-1.8050484810471616,0.0014760111575653,0.005743140282590983
760,-1.7832009810923204,0.0014474776240029,0.005599984462523058
761,-1.761353359981877,0.0014216169074728,0.005392844833007966
762,-1.7395056287130175,0.0013983301897783,0.005224027740547144
763,-1.7176577830219475,0.0013775369240111,0.005029548350725075
764,-1.6958098338206584,0.0013591443257673,0.004873838744684088
765,-1.6739617815580008,0.0013430781029057,0.004679324800834852
766,-1.6521136239438072,0.0013292454369794,0.004497584615699942
767,-1.6302653700040357,0.001317559611364,0.00432938852954247
768,-1.6084170256728507,0.0013079403681321,0.004134679579146219
769,-1.586568588061405,0.0013002947868548,0.0039658898628273905
770,-1.5647200619077029,0.001294542320658,0.003784503238592948
771,-1.5428714496342222,0.0012905964058616,0.0036031565530951063
772,-1.521022760264522,0.0012883704958074,0.003421498155061489
773,-1.4991739914220403,0.0012877778908247,0.003239735942276483
774,-1.4773251479323757,0.0012887318402801,0.0030715808545590723
775,-1.4554762357296918,0.0012911520862459,0.0028896843463269897
776,-1.433627251238868,0.0012949518100706,0.002695656086227732
777,-1.411778205369496,0.0013000383973165,0.002526829232146501
778,-1.389929098539245,0.0013063312637004,0.0023452418280783247
779,-1.3680799321519963,0.0013137437316614,0.0021641704628513623
780,-1.3462307161299292,0.0013221893650225,0.0019948803052214827
781,-1.3243814430322831,0.0013315873568154,0.0018011696817646873
782,-1.3025321227464557,0.0013418452336702,0.001619497106401192
783,-1.2806827609378764,0.0013528762687519,0.0014506488747572598
784,-1.2588333544237336,0.0013645998607672,0.001269504304978301
785,-1.236983908685894,0.0013769295327305,0.001088104968799355
786,-1.215134433768912,0.0013897786818985,0.0009191716082880541
787,-1.1932849220496635,0.0014030666661692,0.0007119575628324715
788,-1.171435383626716,0.0014166945568646,0.0005567345213936167
789,-1.1495858196063866,0.001430588250508,0.00037489541310925783
790,-1.127736235595318,0.0014446609335815,0.00018050540171513188
791,-1.105886632843835,0.0014588198029488,1.1934753576377538e-05
792,-1.08403701254825,0.0014729843814081,0.00016910543453224584
793,-1.0621873846307408,0.0014870682327823,0.0003509391849322004
794,-1.0403377459361025,0.0015009845503193,0.0005324154411531713
795,-1.0184881021285648,0.001514646692167,0.0007009921853683633
796,-0.9966384542844644,0.0015279741777241,0.0008950239392366641
797,-0.9747888124735616,0.0015408743687542,0.0010641285139836244
798,-0.952939169073933,0.0015532665381726,0.0012450803763628926
799,-0.9310895384480684,0.0015650642906107,0.00142673785801326
800,-0.909239917439563,0.0015761809042992,0.0016080447206588656
801,-0.8873903116514585,0.0015865298206694,0.0017897135182785861
802,-0.8655407266292098,0.0015960243094865,0.0019581940903941777
803,-0.843691159247593,0.0016045839411229,0.002152864410440433
804,-0.8218416150796682,0.001612115779885,0.0022950139956845576
