x_m,y_m,w_tr_right_m,w_tr_left_m
0,0,1.1,1.1
0.228031029,0.315127116,1.1,1.1
0.456041522,0.630257343,1.1,1.1
0.684032957,0.945390838,1.1,1.1
0.912006967,1.260527911,1.1,1.1
1.139965031,1.57566864,1.1,1.1
1.367908626,1.890813336,1.1,1.1
1.595839308,2.205962077,1.1,1.1
1.823758633,2.521115174,1.1,1.1
2.051668001,2.836272783,1.1,1.1
2.279569046,3.151435137,1.1,1.1
2.507463246,3.466602314,1.1,1.1
2.735352155,3.781774625,1.1,1.1
2.963237254,4.096952304,1.1,1.1
3.191119863,4.412135349,1.1,1.1
3.419000449,4.727323529,1.1,1.1
3.646879324,5.042516376,1.1,1.1
3.874756644,5.35771358,1.1,1.1
4.102632874,5.67291475,1.1,1.1
4.330508093,5.988119421,1.1,1.1
4.55838269,6.303327281,1.1,1.1
4.786256898,6.618537864,1.1,1.1
5.01413095,6.933750858,1.1,1.1
5.242005236,7.248965875,1.1,1.1
5.469879832,7.564182448,1.1,1.1
5.697755207,7.879400265,1.1,1.1
5.925631593,8.19461886,1.1,1.1
6.153509146,8.509837922,1.1,1.1
6.381388254,8.825056983,1.1,1.1
6.609269152,9.140275734,1.1,1.1
6.837152072,9.455493707,1.1,1.1
7.065037326,9.770710513,1.1,1.1
7.292925224,10.08592584,1.1,1.1
7.520816001,10.4011393,1.1,1.1
7.748709889,10.71635035,1.1,1.1
7.976607123,11.03155876,1.1,1.1
8.204508167,11.34676413,1.1,1.1
8.432413102,11.66196592,1.1,1.1
8.660322236,11.97716398,1.1,1.1
8.888235961,12.29235768,1.1,1.1
9.116154352,12.60754672,1.1,1.1
9.344077878,12.92273077,1.1,1.1
9.572006693,13.23790939,1.1,1.1
9.799941109,13.55308224,1.1,1.1
10.02788136,13.8682488,1.1,1.1
10.25582768,14.18340882,1.1,1.1
10.48378045,14.49856184,1.1,1.1
10.71173991,14.81370747,1.1,1.1
10.93970638,15.12884532,1.1,1.1
11.16768,15.443975,1.1,1.1
11.39566101,15.7590962,1.1,1.1
11.62364405,16.07421297,1.1,1.1
11.85161121,16.389339,1.1,1.1
12.07954322,16.70448922,1.1,1.1
12.30742061,17.01967841,1.1,1.1
12.53522427,17.33492159,1.1,1.1
12.76293465,17.65023353,1.1,1.1
12.99053248,17.96562917,1.1,1.1
13.21799837,18.28112337,1.1,1.1
13.44531313,18.59673106,1.1,1.1
13.67245722,18.9124671,1.1,1.1
13.89941142,19.22834635,1.1,1.1
14.12615638,19.54438383,1.1,1.1
14.35267271,19.86059422,1.1,1.1
14.57894113,20.17699256,1.1,1.1
14.8049422,20.49359361,1.1,1.1
15.03065669,20.81041238,1.1,1.1
15.25606517,21.12746375,1.1,1.1
15.48114833,21.44476248,1.1,1.1
15.70593325,21.76228291,1.1,1.1
15.9307685,22.07971793,1.1,1.1
16.15613847,22.39664141,1.1,1.1
16.38252793,22.71262684,1.1,1.1
16.61042174,23.02724787,1.1,1.1
16.83952252,23.34089996,1.1,1.1
17.06660033,23.65705987,1.1,1.1
17.28885347,23.9788074,1.1,1.1
17.51877927,24.29387205,1.1,1.1
17.77883015,24.57957892,1.1,1.1
18.07590695,24.82315735,1.1,1.1
18.40543736,25.0192502,1.1,1.1
18.76060485,25.17028246,1.1,1.1
19.13045815,25.29452574,1.1,1.1
19.50462824,25.40994346,1.1,1.1
19.88022372,25.51893105,1.1,1.1
20.25747189,25.6173917,1.1,1.1
20.6366104,25.70120714,1.1,1.1
21.01786972,25.76634841,1.1,1.1
21.40125135,25.81175968,1.1,1.1
21.78647951,25.83998089,1.1,1.1
22.17326166,25.85376763,1.1,1.1
22.56130537,25.85587507,1.1,1.1
22.95031825,25.84905879,1.1,1.1
23.34000781,25.83607405,1.1,1.1
23.73008156,25.81967635,1.1,1.1
24.12024703,25.80262095,1.1,1.1
24.51021251,25.78765541,1.1,1.1
24.89978523,25.77635129,1.1,1.1
25.2889757,25.76786544,1.1,1.1
25.67781954,25.76105834,1.1,1.1
26.06635215,25.75479015,1.1,1.1
26.45460916,25.74792137,1.1,1.1
26.84262612,25.73931222,1.1,1.1
27.23043857,25.72782312,1.1,1.1
27.61808198,25.71231438,1.1,1.1
28.00559199,25.69164626,1.1,1.1
28.39300577,25.66511274,1.1,1.1
28.78036682,25.63358303,1.1,1.1
29.16772024,25.59828456,1.1,1.1
29.55511092,25.56044474,1.1,1.1
29.94258374,25.52129084,1.1,1.1
30.33018383,25.48205021,1.1,1.1
30.7179559,25.44395019,1.1,1.1
31.10594517,25.40821812,1.1,1.1
31.49419642,25.37608143,1.1,1.1
31.8827218,25.3488941,1.1,1.1
32.27131501,25.32885116,1.1,1.1
32.65968108,25.31849038,1.1,1.1
33.04752456,25.32035037,1.1,1.1
33.43455018,25.33696961,1.1,1.1
33.82055444,25.3698071,1.1,1.1
34.20566507,25.41643187,1.1,1.1
34.59008439,25.47353729,1.1,1.1
34.97401481,25.53781681,1.1,1.1
35.35758741,25.60628104,1.1,1.1
35.74000609,25.68006918,1.1,1.1
36.1198261,25.76321027,1.1,1.1
36.4955893,25.85979241,1.1,1.1
36.8658373,25.97390407,1.1,1.1
37.2292768,26.10893799,1.1,1.1
37.58569271,26.26373217,1.1,1.1
37.93530433,26.43529152,1.1,1.1
38.27833194,26.62061606,1.1,1.1
38.6150002,26.81673676,1.1,1.1
38.94567066,27.02164755,1.1,1.1
39.27086468,27.2344701,1.1,1.1
39.59111283,27.45439014,1.1,1.1
39.90694564,27.68059346,1.1,1.1
40.21889378,27.91226583,1.1,1.1
40.52748777,28.14859291,1.1,1.1
40.83325812,28.38876063,1.1,1.1
41.13673542,28.63195455,1.1,1.1
41.43844926,28.87736209,1.1,1.1
41.73880072,29.12438179,1.1,1.1
42.03793627,29.3728307,1.1,1.1
42.33597228,29.62257502,1.1,1.1
42.63302543,29.87348087,1.1,1.1
42.92921202,30.1254147,1.1,1.1
43.22464858,30.37824254,1.1,1.1
43.51945163,30.63183077,1.1,1.1
43.81373762,30.88604558,1.1,1.1
44.107623,31.14075326,1.1,1.1
44.4012243,31.39582001,1.1,1.1
44.69465796,31.65111212,1.1,1.1
44.98804044,31.9064957,1.1,1.1
45.28148826,32.16183712,1.1,1.1
45.57511795,32.41700258,1.1,1.1
45.8690458,32.67185829,1.1,1.1
46.1633885,32.92627053,1.1,1.1
46.45826242,33.18010558,1.1,1.1
46.753784,33.43322957,1.1,1.1
47.05002613,33.68555529,1.1,1.1
47.34678268,33.93729185,1.1,1.1
47.64373789,34.18876478,1.1,1.1
47.94057589,34.44030002,1.1,1.1
48.23698068,34.69222342,1.1,1.1
48.53263628,34.94486084,1.1,1.1
48.82722689,35.19853813,1.1,1.1
49.12043645,35.45358132,1.1,1.1
49.41194897,35.71031616,1.1,1.1
49.70166498,35.96883399,1.1,1.1
49.99217629,36.22630891,1.1,1.1
50.28789817,36.47793874,1.1,1.1
50.59328044,36.71888356,1.1,1.1
50.91277303,36.94430355,1.1,1.1
51.24998114,37.14797337,1.1,1.1
51.60318852,37.3149387,1.1,1.1
51.96861248,37.4268551,1.1,1.1
52.34246558,37.46537066,1.1,1.1
52.72068323,37.41282465,1.1,1.1
53.09131589,37.27122656,1.1,1.1
53.43358499,37.06461183,1.1,1.1
53.72975198,36.81324578,1.1,1.1
53.97384093,36.52084258,1.1,1.1
54.163605,36.18852891,1.1,1.1
54.31183633,35.82787555,1.1,1.1
54.44112107,35.4572397,1.1,1.1
54.56712945,35.08845179,1.1,1.1
54.69217776,34.72083015,1.1,1.1
54.8168316,34.35298744,1.1,1.1
54.94114264,33.98481569,1.1,1.1
55.06510596,33.61634803,1.1,1.1
55.18871651,33.24761784,1.1,1.1
55.31196907,32.87865832,1.1,1.1
55.43485876,32.5095027,1.1,1.1
55.5573805,32.14018443,1.1,1.1
55.67952925,31.77073656,1.1,1.1
55.80129995,31.40119246,1.1,1.1
55.92283908,31.0316318,1.1,1.1
56.04479421,30.66228723,1.1,1.1
56.16791656,30.29342317,1.1,1.1
56.29295717,29.92530415,1.1,1.1
56.4207045,29.55821405,1.1,1.1
56.55588147,29.19448354,1.1,1.1
56.71055555,28.84026437,1.1,1.1
56.89759796,28.50212661,1.1,1.1
57.12988005,28.18664019,1.1,1.1
57.41689594,27.90587887,1.1,1.1
57.74824542,27.70433858,1.1,1.1
58.10618855,27.63653049,1.1,1.1
58.47092976,27.70998539,1.1,1.1
58.82049673,27.88215211,1.1,1.1
59.13932408,28.11291522,1.1,1.1
59.43233636,28.37748405,1.1,1.1
59.707386,28.65579348,1.1,1.1
59.96027717,28.94675822,1.1,1.1
60.18036344,29.2601778,1.1,1.1
60.36815807,29.59620283,1.1,1.1
60.53113558,29.94891532,1.1,1.1
60.67687364,30.31230768,1.1,1.1
60.81294969,30.6803724,1.1,1.1
60.94595722,31.04791033,1.1,1.1
61.07691091,31.4143061,1.1,1.1
61.20486182,31.78055772,1.1,1.1
61.32885866,32.14766525,1.1,1.1
61.44796651,32.5166061,1.1,1.1
61.56165376,32.88780701,1.1,1.1
61.6698073,33.26112275,1.1,1.1
61.77233363,33.63638133,1.1,1.1
61.86913926,34.01341084,1.1,1.1
61.96013052,34.39203944,1.1,1.1
62.04521391,34.77209507,1.1,1.1
62.12429593,35.15340597,1.1,1.1
62.19728301,35.53580023,1.1,1.1
62.26408233,35.9191064,1.1,1.1
62.32465789,36.3031987,1.1,1.1
62.37907401,36.6880317,1.1,1.1
62.42740491,37.0735676,1.1,1.1
62.46972479,37.45976905,1.1,1.1
62.50610802,37.84659833,1.1,1.1
62.53662874,38.23401787,1.1,1.1
62.56136123,38.62199025,1.1,1.1
62.58037977,39.01047783,1.1,1.1
62.59375812,39.39944294,1.1,1.1
62.60060816,39.78869269,1.1,1.1
62.59709641,40.17755855,1.1,1.1
62.57884345,40.56535552,1.1,1.1
62.54163831,40.9521904,1.1,1.1
62.48131027,41.3385766,1.1,1.1
62.38854925,41.71898352,1.1,1.1
62.24513045,42.07738778,1.1,1.1
62.03800745,42.40068104,1.1,1.1
61.78771503,42.69768029,1.1,1.1
61.52259803,42.98289546,1.1,1.1
61.25052107,43.26071545,1.1,1.1
60.97237056,43.53208025,1.1,1.1
60.68902713,43.79792706,1.1,1.1
60.40137135,44.05919277,1.1,1.1
60.1102837,44.31681455,1.1,1.1
59.81664484,44.57172938,1.1,1.1
59.52133531,44.82487453,1.1,1.1
59.22523568,45.07718687,1.1,1.1
58.9291741,45.32954775,1.1,1.1
58.63343432,45.5822583,1.1,1.1
58.33797723,45.83527564,1.1,1.1
58.04275918,46.08855224,1.1,1.1
57.74773676,46.34204067,1.1,1.1
57.45286658,46.59569338,1.1,1.1
57.15810515,46.84946301,1.1,1.1
56.86340898,47.10330211,1.1,1.1
56.56873467,47.35716314,1.1,1.1
56.27403959,47.61099974,1.1,1.1
55.97930313,47.86478929,1.1,1.1
55.6845263,48.11853309,1.1,1.1
55.38971111,48.37223341,1.1,1.1
55.09485968,48.62589266,1.1,1.1
54.79997402,48.87951309,1.1,1.1
54.50505608,49.13309704,1.1,1.1
54.21010787,49.38664684,1.1,1.1
53.91513159,49.64016475,1.1,1.1
53.62012909,49.89365318,1.1,1.1
53.32510248,50.1471143,1.1,1.1
53.03005377,50.4005506,1.1,1.1
52.734985,50.65396435,1.1,1.1
52.43989818,50.9073578,1.1,1.1
52.14479533,51.16073335,1.1,1.1
51.84967849,51.41409319,1.1,1.1
51.55454974,51.66743981,1.1,1.1
51.25941095,51.92077538,1.1,1.1
50.96426439,52.17410232,1.1,1.1
50.66911184,52.42742288,1.1,1.1
50.37395555,52.68073947,1.1,1.1
50.07879732,52.93405427,1.1,1.1
49.7836394,53.18736969,1.1,1.1
49.48848366,53.440688,1.1,1.1
49.1933322,53.69401159,1.1,1.1
48.89818704,53.94734272,1.1,1.1
48.6030502,54.20068374,1.1,1.1
48.30792363,54.45403697,1.1,1.1
48.0128095,54.70740467,1.1,1.1
47.71770977,54.96078917,1.1,1.1
47.42262645,55.2141928,1.1,1.1
47.12756164,55.46761799,1.1,1.1
46.83251722,55.7210669,1.1,1.1
46.53749543,55.97454186,1.1,1.1
46.24249806,56.2280453,1.1,1.1
45.9475273,56.48157947,1.1,1.1
45.65258517,56.73514661,1.1,1.1
45.35767337,56.98874892,1.1,1.1
45.0627909,57.24238507,1.1,1.1
44.76793519,57.49605209,1.1,1.1
44.47310374,57.74974697,1.1,1.1
44.17829385,58.00346674,1.1,1.1
43.88350293,58.25720836,1.1,1.1
43.58872851,58.51096874,1.1,1.1
43.29396778,58.7647449,1.1,1.1
42.99921833,59.0185339,1.1,1.1
42.70447743,59.27233262,1.1,1.1
42.4097426,59.52613811,1.1,1.1
42.11501119,59.77994726,1.1,1.1
41.82028057,60.03375718,1.1,1.1
41.52554823,60.28756478,1.1,1.1
41.23081153,60.541367,1.1,1.1
40.93606783,60.79516082,1.1,1.1
40.64131457,61.04894336,1.1,1.1
40.34654925,61.30271144,1.1,1.1
40.05176907,61.55646209,1.1,1.1
39.75697162,61.81019236,1.1,1.1
39.46215418,62.06389913,1.1,1.1
39.16731426,62.31757946,1.1,1.1
38.87244914,62.57123031,1.1,1.1
38.57755632,62.82484856,1.1,1.1
38.28263324,63.07843135,1.1,1.1
37.98767718,63.33197562,1.1,1.1
37.69268565,63.58547828,1.1,1.1
37.39765601,63.83893629,1.1,1.1
37.1025856,64.09234678,1.1,1.1
36.80747194,64.34570662,1.1,1.1
36.51231239,64.59901278,1.1,1.1
36.21710437,64.85226232,1.1,1.1
35.92184525,65.10545219,1.1,1.1
35.62653245,65.35857929,1.1,1.1
35.33116334,65.61164074,1.1,1.1
35.03573542,65.86463334,1.1,1.1
34.74024596,66.1175543,1.1,1.1
34.44469241,66.37040027,1.1,1.1
34.14907134,66.62316752,1.1,1.1
33.85337948,66.875852,1.1,1.1
33.55761326,67.12844968,1.1,1.1
33.26176932,67.38095641,1.1,1.1
32.96584418,67.63336825,1.1,1.1
32.66983448,67.88568113,1.1,1.1
32.37373672,68.13789103,1.1,1.1
32.0775474,68.38999381,1.1,1.1
31.78126319,68.64198551,1.1,1.1
31.48488057,68.89386201,1.1,1.1
31.1883962,69.14561941,1.1,1.1
30.89180659,69.39725352,1.1,1.1
30.5951083,69.64876029,1.1,1.1
30.29829785,69.90013575,1.1,1.1
30.00137188,70.15137586,1.1,1.1
29.70432689,70.40247657,1.1,1.1
29.40715947,70.65343376,1.1,1.1
29.10986789,70.90424541,1.1,1.1
28.81248585,71.15495119,1.1,1.1
28.51508109,71.40563068,1.1,1.1
28.21772254,71.65636478,1.1,1.1
27.92047927,71.90723469,1.1,1.1
27.6234202,72.15832133,1.1,1.1
27.32661426,72.40970589,1.1,1.1
27.0301306,72.66146936,1.1,1.1
26.73403805,72.91369279,1.1,1.1
26.43840329,73.16645444,1.1,1.1
26.14313981,73.41965108,1.1,1.1
25.84791468,73.67288763,1.1,1.1
25.55237326,73.92574309,1.1,1.1
25.25616061,74.17779632,1.1,1.1
24.95892193,74.42862609,1.1,1.1
24.66030236,74.67781135,1.1,1.1
24.35994701,74.92493093,1.1,1.1
24.05750102,75.1695637,1.1,1.1
23.75260688,75.41128337,1.1,1.1
23.44274176,75.6457037,1.1,1.1
23.11935617,75.85741412,1.1,1.1
22.77412481,76.03112385,1.1,1.1
22.4105943,76.17052652,1.1,1.1
22.03874176,76.28959858,1.1,1.1
21.66431723,76.39554854,1.1,1.1
21.28632773,76.4847887,1.1,1.1
20.90365515,76.55355981,1.1,1.1
20.5174859,76.60193629,1.1,1.1
20.12960305,76.63077203,1.1,1.1
19.741218,76.63891631,1.1,1.1
19.35336542,76.62460007,1.1,1.1
18.96708019,76.58605401,1.1,1.1
18.58339884,76.52150837,1.1,1.1
18.20445846,76.42883852,1.1,1.1
17.8353839,76.30495664,1.1,1.1
17.4818022,76.14661299,1.1,1.1
17.14934011,75.95055778,1.1,1.1
16.84349206,75.7141351,1.1,1.1
16.56853467,75.44013506,1.1,1.1
16.32809034,75.13427479,1.1,1.1
16.12577528,74.8022995,1.1,1.1
15.96520555,74.44995441,1.1,1.1
15.84817613,74.08268204,1.1,1.1
15.76772728,73.7044693,1.1,1.1
15.71427208,73.31886627,1.1,1.1
15.67822287,72.92942299,1.1,1.1
15.65022016,72.5395882,1.1,1.1
15.62525968,72.15087652,1.1,1.1
15.60224943,71.76306485,1.1,1.1
15.58023673,71.3758684,1.1,1.1
15.55826876,70.9890024,1.1,1.1
15.53539262,70.60218199,1.1,1.1
15.51065554,70.21512253,1.1,1.1
15.4831047,69.82753901,1.1,1.1
15.45178736,69.43914681,1.1,1.1
15.41573076,69.0496784,1.1,1.1
15.37284621,68.65984315,1.1,1.1
15.3193595,68.27182541,1.1,1.1
15.25135633,67.88793217,1.1,1.1
15.1649223,67.51047039,1.1,1.1
15.05614318,67.14174712,1.1,1.1
14.92110475,66.78406925,1.1,1.1
14.75589262,66.43974382,1.1,1.1
14.55659255,66.11107764,1.1,1.1
14.31930175,65.8003784,1.1,1.1
14.04529603,65.51016571,1.1,1.1
13.74916039,65.2435057,1.1,1.1
13.4455794,65.00342083,1.1,1.1
13.13193633,64.7918155,1.1,1.1
12.79693367,64.61004021,1.1,1.1
12.43688784,64.46031371,1.1,1.1
12.05935154,64.34613049,1.1,1.1
11.67276916,64.27108638,1.1,1.1
11.28558509,64.23877723,1.1,1.1
10.90449861,64.25208051,1.1,1.1
10.52828058,64.31060954,1.1,1.1
10.15381101,64.41285257,1.1,1.1
9.784310946,64.55379132,1.1,1.1
9.428419714,64.72541438,1.1,1.1
9.092792185,64.92180991,1.1,1.1
8.778710233,65.14253086,1.1,1.1
8.486633664,65.38796617,1.1,1.1
8.217022675,65.65850463,1.1,1.1
7.970438664,65.9542549,1.1,1.1
7.74828182,66.27301458,1.1,1.1
7.552364845,66.61144373,1.1,1.1
7.384503319,66.9661942,1.1,1.1
7.246512743,67.33391812,1.1,1.1
7.140208851,67.7112675,1.1,1.1
7.067407147,68.09489439,1.1,1.1
7.029923365,68.48145079,1.1,1.1
7.029573006,68.86758869,1.1,1.1
7.067905303,69.25007171,1.1,1.1
7.142095763,69.62749568,1.1,1.1
7.245741549,69.99995544,1.1,1.1
7.372334969,70.36758967,1.1,1.1
7.515368251,70.73053708,1.1,1.1
7.668672082,71.08901828,1.1,1.1
7.828754231,71.44389935,1.1,1.1
7.993393454,71.79635335,1.1,1.1
8.160376595,72.14755511,1.1,1.1
8.327511423,72.49866804,1.1,1.1
8.493538623,72.85035753,1.1,1.1
8.65847523,73.20260718,1.1,1.1
8.822430694,73.55535133,1.1,1.1
8.985514462,73.90852425,1.1,1.1
9.147835826,74.26206029,1.1,1.1
9.309504157,74.61589379,1.1,1.1
9.470628981,74.96995901,1.1,1.1
9.631319591,75.32419032,1.1,1.1
9.791685357,75.67852205,1.1,1.1
9.95184475,76.03289486,1.1,1.1
10.11193725,76.38726416,1.1,1.1
10.27210535,76.74158741,1.1,1.1
10.43249142,77.09582214,1.1,1.1
10.59323804,77.44992603,1.1,1.1
10.75448771,77.80385645,1.1,1.1
10.91638287,78.15757101,1.1,1.1
11.07906595,78.51102724,1.1,1.1
11.24267954,78.86418265,1.1,1.1
11.40755998,79.2168585,1.1,1.1
11.57485793,79.5683039,1.1,1.1
11.74593772,79.9176179,1.1,1.1
11.92216367,80.26389939,1.1,1.1
12.10489995,80.60624736,1.1,1.1
12.29551099,80.94376095,1.1,1.1
12.49536094,81.27553904,1.1,1.1
12.70581422,81.60068063,1.1,1.1
12.92823508,81.91828476,1.1,1.1
13.16362589,82.22765624,1.1,1.1
13.41020477,82.52968365,1.1,1.1
13.66489767,82.82599058,1.1,1.1
13.92462355,83.11820452,1.1,1.1
14.18630138,83.40795319,1.1,1.1
14.44767077,83.69638172,1.1,1.1
14.70986876,83.98263879,1.1,1.1
14.97491109,84.26535665,1.1,1.1
15.2448134,84.54316754,1.1,1.1
15.52141958,84.81485407,1.1,1.1
15.80389325,85.08154326,1.1,1.1
16.08927762,85.34621686,1.1,1.1
16.37455797,85.61190732,1.1,1.1
16.65671949,85.88164697,1.1,1.1
16.93359225,86.15743529,1.1,1.1
17.20944295,86.43340096,1.1,1.1
17.49149992,86.70005094,1.1,1.1
17.78700726,86.94787287,1.1,1.1
18.1030333,87.16757876,1.1,1.1
18.43950997,87.35897592,1.1,1.1
18.78691924,87.53391619,1.1,1.1
19.13699346,87.70275606,1.1,1.1
19.48917597,87.86642332,1.1,1.1
19.84480778,88.02346752,1.1,1.1
20.20435281,88.17263146,1.1,1.1
20.56759208,88.31280851,1.1,1.1
20.93428858,88.44289602,1.1,1.1
21.3042052,88.56179439,1.1,1.1
21.67708019,88.66906698,1.1,1.1
22.05259633,88.76576712,1.1,1.1
22.43042893,88.85315118,1.1,1.1
22.81025329,88.93247559,1.1,1.1
23.19174466,89.00499671,1.1,1.1
23.57457835,89.07197098,1.1,1.1
23.95842966,89.13465476,1.1,1.1
24.34297383,89.19430448,1.1,1.1
24.7278861,89.2521765,1.1,1.1
25.11289583,89.30931981,1.1,1.1
25.49794843,89.36595414,1.1,1.1
25.88304334,89.42209172,1.1,1.1
26.26817987,89.47774491,1.1,1.1
26.65335748,89.53292585,1.1,1.1
27.03857553,89.58764682,1.1,1.1
27.42383357,89.6419202,1.1,1.1
27.80913088,89.6957582,1.1,1.1
28.19446702,89.74917311,1.1,1.1
28.57984119,89.80217722,1.1,1.1
28.96525302,89.85478274,1.1,1.1
29.35070179,89.90700205,1.1,1.1
29.73618697,89.95884726,1.1,1.1
30.12170793,90.01033085,1.1,1.1
30.50726413,90.061465,1.1,1.1
30.89285502,90.11226187,1.1,1.1
31.2784799,90.16273396,1.1,1.1
31.66413824,90.21289335,1.1,1.1
32.0498294,90.2627524,1.1,1.1
32.43555292,90.3123234,1.1,1.1
32.8213081,90.36161856,1.1,1.1
33.20709448,90.41065026,1.1,1.1
33.59291134,90.45943069,1.1,1.1
33.97875808,90.50797209,1.1,1.1
34.36463422,90.55628688,1.1,1.1
34.75053915,90.60438714,1.1,1.1
35.13647231,90.6522853,1.1,1.1
35.52243301,90.69999358,1.1,1.1
35.9084207,90.74752427,1.1,1.1
36.29443483,90.79488965,1.1,1.1
36.6804748,90.84210196,1.1,1.1
37.06654004,90.88917346,1.1,1.1
37.45262995,90.93611646,1.1,1.1
37.83874389,90.98294324,1.1,1.1
38.2248814,91.0296661,1.1,1.1
38.61104178,91.07629724,1.1,1.1
38.99722449,91.12284897,1.1,1.1
39.38342905,91.16932967,1.1,1.1
39.76965625,91.21571912,1.1,1.1
40.15590733,91.26198474,1.1,1.1
40.54218362,91.30809385,1.1,1.1
40.9284862,91.35401385,1.1,1.1
41.31481647,91.39971193,1.1,1.1
41.70117552,91.44515548,1.1,1.1
42.08756483,91.49031191,1.1,1.1
42.47398541,91.5351484,1.1,1.1
42.86043866,91.57963236,1.1,1.1
43.24692576,91.6237311,1.1,1.1
43.63344801,91.66741197,1.1,1.1
44.02000666,91.71064228,1.1,1.1
44.40660289,91.75338938,1.1,1.1
44.79323802,91.79562058,1.1,1.1
45.17991328,91.83730315,1.1,1.1
45.56662992,91.87840448,1.1,1.1
45.95338912,91.9188919,1.1,1.1
46.34019218,91.95873422,1.1,1.1
46.72703842,91.99795805,1.1,1.1
47.1139248,92.03666218,1.1,1.1
47.50084805,92.07495029,1.1,1.1
47.88780522,92.11292593,1.1,1.1
48.27479296,92.15069263,1.1,1.1
48.66180815,92.18835416,1.1,1.1
49.04884762,92.2260139,1.1,1.1
49.43590817,92.26377554,1.1,1.1
49.82298668,92.3017427,1.1,1.1
50.21007998,92.34001883,1.1,1.1
50.59718494,92.37870771,1.1,1.1
50.98429823,92.41791279,1.1,1.1
51.37141681,92.45773769,1.1,1.1
51.75853756,92.49828595,1.1,1.1
52.14565715,92.53966124,1.1,1.1
52.53277254,92.58196713,1.1,1.1
52.91988046,92.6253072,1.1,1.1
53.30697788,92.66978509,1.1,1.1
53.69403251,92.71435834,1.1,1.1
54.08090186,92.75360403,1.1,1.1
54.46741672,92.78105211,1.1,1.1
54.85340806,92.79023284,1.1,1.1
55.23870624,92.77469696,1.1,1.1
55.6230631,92.73158169,1.1,1.1
56.00606294,92.66566067,1.1,1.1
56.38726844,92.58268682,1.1,1.1
56.76624242,92.48841274,1.1,1.1
57.14257767,92.38792329,1.1,1.1
57.51607551,92.281652,1.1,1.1
57.88662618,92.1680549,1.1,1.1
58.25412001,92.04558061,1.1,1.1
58.61844739,91.91267786,1.1,1.1
58.9793061,91.76802129,1.1,1.1
59.33566881,91.61113546,1.1,1.1
59.68633772,91.44174477,1.1,1.1
60.03011521,91.25957354,1.1,1.1
60.36583764,91.06434647,1.1,1.1
60.6928071,90.85579605,1.1,1.1
61.01066303,90.63366005,1.1,1.1
61.3190522,90.39767618,1.1,1.1
61.61762152,90.14758251,1.1,1.1
61.90468098,89.88248402,1.1,1.1
62.16940336,89.59716166,1.1,1.1
62.39756593,89.28485655,1.1,1.1
62.58919031,88.9478051,1.1,1.1
62.76135509,88.5989818,1.1,1.1
62.92457989,88.24618988,1.1,1.1
63.08021698,87.89020251,1.1,1.1
63.22907186,87.53137313,1.1,1.1
63.37195003,87.17005562,1.1,1.1
63.50965707,86.80660352,1.1,1.1
63.64299847,86.44137053,1.1,1.1
63.77277974,86.0747102,1.1,1.1
63.89980644,85.7069764,1.1,1.1
64.02488228,85.33852189,1.1,1.1
64.14855444,84.96959147,1.1,1.1
64.27084313,84.60020762,1.1,1.1
64.39170402,84.23036567,1.1,1.1
64.51109284,83.86006112,1.1,1.1
64.62896526,83.48928913,1.1,1.1
64.745277,83.11804521,1.1,1.1
64.85998367,82.74632452,1.1,1.1
64.97304099,82.37412255,1.1,1.1
65.08440462,82.00143449,1.1,1.1
65.1940303,81.62825581,1.1,1.1
65.30187363,81.25458178,1.1,1.1
65.40789032,80.8804078,1.1,1.1
65.51203613,80.50572914,1.1,1.1
65.61426664,80.13054119,1.1,1.1
65.71453758,79.75483929,1.1,1.1
65.81280461,79.3786187,1.1,1.1
65.9090234,79.00187483,1.1,1.1
66.00314961,78.62460301,1.1,1.1
66.09514278,78.24680005,1.1,1.1
66.18498737,77.86847218,1.1,1.1
66.27267791,77.48962981,1.1,1.1
66.35820913,77.11028299,1.1,1.1
66.44157573,76.73044221,1.1,1.1
66.52277235,76.35011751,1.1,1.1
66.6017937,75.96931916,1.1,1.1
66.67863441,75.58805758,1.1,1.1
66.75328926,75.2063428,1.1,1.1
66.82575236,74.82418548,1.1,1.1
66.89601326,74.44159924,1.1,1.1
66.96405805,74.05860018,1.1,1.1
67.02987258,73.6752044,1.1,1.1
67.09344283,73.29142776,1.1,1.1
67.15475489,72.90728645,1.1,1.1
67.21379451,72.52279658,1.1,1.1
67.27054779,72.13797408,1.1,1.1
67.32500063,71.75283506,1.1,1.1
67.37714082,71.36739554,1.1,1.1
67.42701045,70.98167241,1.1,1.1
67.47471577,70.59568309,1.1,1.1
67.52036694,70.20944523,1.1,1.1
67.56407371,69.8229765,1.1,1.1
67.60594607,69.43629447,1.1,1.1
67.64609411,69.04941672,1.1,1.1
67.68462772,68.66236092,1.1,1.1
67.72165683,68.27514456,1.1,1.1
67.75729143,67.88778539,1.1,1.1
67.79164151,67.50030097,1.1,1.1
67.82481698,67.11270882,1.1,1.1
67.85692785,66.72502667,1.1,1.1
67.88808402,66.33727209,1.1,1.1
67.91839556,65.94946268,1.1,1.1
67.94797231,65.56161608,1.1,1.1
67.97692435,65.1737498,1.1,1.1
68.00536151,64.7858815,1.1,1.1
68.03339385,64.39802883,1.1,1.1
68.06111458,64.01020425,1.1,1.1
68.08855744,63.62240191,1.1,1.1
68.11574329,63.23461202,1.1,1.1
68.1426929,62.84682485,1.1,1.1
68.16942704,62.45903061,1.1,1.1
68.19596647,62.0712194,1.1,1.1
68.22233205,61.6833816,1.1,1.1
68.24854446,61.29550723,1.1,1.1
68.27462455,60.90758665,1.1,1.1
68.30059301,60.51960999,1.1,1.1
68.3264707,60.13156745,1.1,1.1
68.35227845,59.74344929,1.1,1.1
68.37803697,59.35524564,1.1,1.1
68.40376694,58.96694678,1.1,1.1
68.42948936,58.57854283,1.1,1.1
68.45522485,58.19002414,1.1,1.1
68.48099425,57.80138084,1.1,1.1
68.50681826,57.41260303,1.1,1.1
68.5327809,57.02369509,1.1,1.1
68.55975968,56.63483717,1.1,1.1
68.58917432,56.24632968,1.1,1.1
68.62245489,55.85847546,1.1,1.1
68.66103152,55.47157718,1.1,1.1
68.70633435,55.08593759,1.1,1.1
68.75979344,54.70185961,1.1,1.1
68.82283901,54.31964582,1.1,1.1
68.8969012,53.93959905,1.1,1.1
68.98337832,53.56202044,1.1,1.1
69.08272529,53.18716449,1.1,1.1
69.19431622,52.81523198,1.1,1.1
69.31746588,52.44642073,1.1,1.1
69.45148917,52.08092871,1.1,1.1
69.59570095,51.71895365,1.1,1.1
69.74941597,51.36069353,1.1,1.1
69.91194899,51.00634616,1.1,1.1
70.08261502,50.65610944,1.1,1.1
70.26073193,50.31018142,1.1,1.1
70.44600956,49.96877951,1.1,1.1
70.63891613,49.63215878,1.1,1.1
70.84000688,49.30057865,1.1,1.1
71.04983707,48.97429848,1.1,1.1
71.26882296,48.65349523,1.1,1.1
71.49333064,48.33594617,1.1,1.1
71.71513713,48.0167095,1.1,1.1
71.92577196,47.69069676,1.1,1.1
72.11676501,47.35281967,1.1,1.1
72.28091868,46.99962202,1.1,1.1
72.41537199,46.6332082,1.1,1.1
72.51818684,46.25686626,1.1,1.1
72.58742537,45.873884,1.1,1.1
72.62116684,45.48754417,1.1,1.1
72.61945962,45.1005334,1.1,1.1
72.58610663,44.71440188,1.1,1.1
72.52533248,44.33057204,1.1,1.1
72.44136193,43.95046639,1.1,1.1
72.33854762,43.57519607,1.1,1.1
72.22202693,43.20396381,1.1,1.1
72.09723454,42.83524995,1.1,1.1
71.96960553,42.46753326,1.1,1.1
71.84457472,42.09929282,1.1,1.1
71.72583979,41.72945717,1.1,1.1
71.61129928,41.35845649,1.1,1.1
71.49764315,40.9870335,1.1,1.1
71.38156126,40.61593115,1.1,1.1
71.26004415,40.24583546,1.1,1.1
71.13364544,39.87675646,1.1,1.1
71.00524982,39.5082622,1.1,1.1
70.87778229,39.13991309,1.1,1.1
70.75416793,38.77126947,1.1,1.1
70.63703909,38.40186524,1.1,1.1
70.52725324,38.03107272,1.1,1.1
70.42500181,37.65820364,1.1,1.1
70.33047546,37.28256997,1.1,1.1
70.24388772,36.90350715,1.1,1.1
70.16609177,36.52100461,1.1,1.1
70.09864369,36.13577053,1.1,1.1
70.04313558,35.7485499,1.1,1.1
70.00115937,35.36008776,1.1,1.1
69.97430723,34.97112902,1.1,1.1
69.96417125,34.5824189,1.1,1.1
69.97234338,34.19470221,1.1,1.1
70.00041579,33.80872416,1.1,1.1
70.04997302,33.42523029,1.1,1.1
70.12182283,33.04503658,1.1,1.1
70.2153331,32.66908926,1.1,1.1
70.32971547,32.29834871,1.1,1.1
70.46418161,31.93377521,1.1,1.1
70.61794315,31.57632914,1.1,1.1
70.79021162,31.22697073,1.1,1.1
70.98019879,30.88666042,1.1,1.1
71.1871162,30.55635859,1.1,1.1
71.41017539,30.23702523,1.1,1.1
71.64792677,29.92882166,1.1,1.1
71.89677294,29.62931328,1.1,1.1
72.15268105,29.3355389,1.1,1.1
72.411618,29.04453744,1.1,1.1
72.66955086,28.75334774,1.1,1.1
72.9224467,28.45900878,1.1,1.1
73.16627241,28.15855938,1.1,1.1
73.39699523,27.84903847,1.1,1.1
73.61058206,27.52748487,1.1,1.1
73.80335296,27.19149252,1.1,1.1
73.97370083,26.84191295,1.1,1.1
74.12077226,26.48078283,1.1,1.1
74.24371531,26.11014068,1.1,1.1
74.34167765,25.73202486,1.1,1.1
74.41380711,25.34847365,1.1,1.1
74.45925159,24.96152566,1.1,1.1
74.47715893,24.5732191,1.1,1.1
74.46667695,24.18559241,1.1,1.1
74.42706294,23.80065051,1.1,1.1
74.35879404,23.42002446,1.1,1.1
74.26310981,23.04511203,1.1,1.1
74.14126116,22.67730729,1.1,1.1
73.99449949,22.31800418,1.1,1.1
73.82407577,21.96859684,1.1,1.1
73.63124116,21.63047931,1.1,1.1
73.4172468,21.30504563,1.1,1.1
73.18334384,20.99369,1.1,1.1
72.9308133,20.69774673,1.1,1.1
72.661679,20.41706693,1.1,1.1
72.37874092,20.14995217,1.1,1.1
72.0848354,19.89463152,1.1,1.1
71.78279865,19.64933389,1.1,1.1
71.475327,19.4123313,1.1,1.1
71.16360242,19.18236101,1.1,1.1
70.84788124,18.95844498,1.1,1.1
70.52840669,18.73960915,1.1,1.1
70.20542194,18.52488366,1.1,1.1
69.87918945,18.31366619,1.1,1.1
69.55000443,18.10599532,1.1,1.1
69.2181655,17.90197444,1.1,1.1
68.8839713,17.70170668,1.1,1.1
68.54775313,17.50523415,1.1,1.1
68.2106298,17.31112583,1.1,1.1
67.87452847,17.11643923,1.1,1.1
67.54141272,16.9181634,1.1,1.1
67.21324634,16.713287,1.1,1.1
66.89208643,16.49855054,1.1,1.1
66.58027411,16.26993874,1.1,1.1
66.27900179,16.02491976,1.1,1.1
65.97758821,15.77722361,1.1,1.1
65.67858716,15.52736673,1.1,1.1
65.39706631,15.26086929,1.1,1.1
65.13398013,14.97761781,1.1,1.1
64.88879359,14.67902476,1.1,1.1
64.66097204,14.36650277,1.1,1.1
64.44963649,14.04162396,1.1,1.1
64.25202979,13.70683211,1.1,1.1
64.06475681,13.36486693,1.1,1.1
63.88442201,13.01846852,1.1,1.1
63.7076303,12.67037635,1.1,1.1
63.5316938,12.32268859,1.1,1.1
63.35603664,11.9755883,1.1,1.1
63.18047563,11.62890223,1.1,1.1
63.00482757,11.28245737,1.1,1.1
62.82892273,10.93608992,1.1,1.1
62.65273147,10.58973196,1.1,1.1
62.47630716,10.24337205,1.1,1.1
62.29970409,9.89699978,1.1,1.1
62.12297657,9.550604558,1.1,1.1
61.94617895,9.204175809,1.1,1.1
61.76936554,8.85770311,1.1,1.1
61.59259072,8.511175725,1.1,1.1
61.41590885,8.164583232,1.1,1.1
61.23937284,7.817915284,1.1,1.1
61.06300586,7.471168692,1.1,1.1
60.88680107,7.124346878,1.1,1.1
60.71075038,6.777453733,1.1,1.1
60.53484561,6.430493145,1.1,1.1
60.35907869,6.083468849,1.1,1.1
60.18344145,5.736384734,1.1,1.1
60.00792586,5.389244688,1.1,1.1
59.83252377,5.042052525,1.1,1.1
59.65722708,4.694812132,1.1,1.1
59.48202762,4.347527245,1.1,1.1
59.30691739,4.00020183,1.1,1.1
59.13188814,3.652839699,1.1,1.1
58.95693185,3.305444664,1.1,1.1
58.78204043,2.958020535,1.1,1.1
58.60720565,2.610571203,1.1,1.1
58.43241949,2.263100558,1.1,1.1
58.25767377,1.91561241,1.1,1.1
58.08296049,1.568110571,1.1,1.1
57.90827141,1.22059893,1.1,1.1
57.73359842,0.873081301,1.1,1.1
57.55893353,0.52556157,1.1,1.1
57.38426856,0.178043551,1.1,1.1
57.20959542,-0.169468944,1.1,1.1
57.03490587,-0.516972028,1.1,1.1
56.86019197,-0.864461887,1.1,1.1
56.68544555,-1.211934633,1.1,1.1
56.51065845,-1.559386377,1.1,1.1
56.3358225,-1.906813383,1.1,1.1
56.16092977,-2.254211841,1.1,1.1
55.98597208,-2.601577706,1.1,1.1
55.81094119,-2.948907322,1.1,1.1
55.63582909,-3.296196799,1.1,1.1
55.4606277,-3.643442169,1.1,1.1
55.2853289,-3.990639778,1.1,1.1
55.10992448,-4.337785658,1.1,1.1
54.9344064,-4.684875996,1.1,1.1
54.75876752,-5.031907371,1.1,1.1
54.58300994,-5.37888095,1.1,1.1
54.40714127,-5.725800387,1.1,1.1
54.23116914,-6.072669418,1.1,1.1
54.05510126,-6.419491776,1.1,1.1
53.87894524,-6.766271117,1.1,1.1
53.70270871,-7.113011253,1.1,1.1
53.52639937,-7.459715917,1.1,1.1
53.35002485,-7.806388765,1.1,1.1
53.17359276,-8.153033533,1.1,1.1
52.99711081,-8.49965403,1.1,1.1
52.82058654,-8.846253835,1.1,1.1
52.64402773,-9.192836838,1.1,1.1
52.46744194,-9.539406695,1.1,1.1
52.29083685,-9.88596714,1.1,1.1
52.11422017,-10.23252183,1.1,1.1
51.93759944,-10.57907457,1.1,1.1
51.76098237,-10.9256291,1.1,1.1
51.58437658,-11.27218908,1.1,1.1
51.40778969,-11.61875832,1.1,1.1
51.23122941,-11.96534046,1.1,1.1
51.05470343,-12.31193926,1.1,1.1
50.87821923,-12.65855843,1.1,1.1
50.70178465,-13.0052018,1.1,1.1
50.52540724,-13.35187294,1.1,1.1
50.34909464,-13.69857566,1.1,1.1
50.17285453,-14.04531369,1.1,1.1
49.99669455,-14.3920907,1.1,1.1
49.82062231,-14.73891049,1.1,1.1
49.64464551,-15.08577672,1.1,1.1
49.46877179,-15.4326932,1.1,1.1
49.29300884,-15.77966359,1.1,1.1
49.1173642,-16.1266917,1.1,1.1
48.94184558,-16.4737811,1.1,1.1
48.76646068,-16.82093562,1.1,1.1
48.59121704,-17.16815898,1.1,1.1
48.41612236,-17.51545491,1.1,1.1
48.24118653,-17.86282832,1.1,1.1
48.06643078,-18.21029033,1.1,1.1
47.89188001,-18.55785401,1.1,1.1
47.71755917,-18.90553235,1.1,1.1
47.54349317,-19.2533385,1.1,1.1
47.36970697,-19.60128552,1.1,1.1
47.1962254,-19.94938648,1.1,1.1
47.02307349,-20.29765446,1.1,1.1
46.85027606,-20.64610252,1.1,1.1
46.67785808,-20.99474372,1.1,1.1
46.50584444,-21.34359122,1.1,1.1
46.33426012,-21.692658,1.1,1.1
46.16313001,-22.04195714,1.1,1.1
45.99247899,-22.3915017,1.1,1.1
45.82233197,-22.74130483,1.1,1.1
45.65271398,-23.0913796,1.1,1.1
45.48364985,-23.44173899,1.1,1.1
45.31516454,-23.79239616,1.1,1.1
45.14725175,-24.14334744,1.1,1.1
44.97925028,-24.49423891,1.1,1.1
44.80987671,-24.84438384,1.1,1.1
44.63782317,-25.19308253,1.1,1.1
44.46178173,-25.53963511,1.1,1.1
44.2806107,-25.88343291,1.1,1.1
44.09476545,-26.22474303,1.1,1.1
43.90559124,-26.56432104,1.1,1.1
43.714443,-26.90292731,1.1,1.1
43.5226667,-27.24131734,1.1,1.1
43.3310161,-27.57990028,1.1,1.1
43.13929884,-27.91853184,1.1,1.1
42.94723744,-28.2570184,1.1,1.1
42.75455468,-28.59516619,1.1,1.1
42.56097329,-28.93278145,1.1,1.1
42.36621575,-29.26967047,1.1,1.1
42.17000497,-29.60563941,1.1,1.1
41.97206348,-29.9404945,1.1,1.1
41.77211411,-30.27404228,1.1,1.1
41.56999445,-30.60616864,1.1,1.1
41.36586,-30.93698076,1.1,1.1
41.15992093,-31.26662387,1.1,1.1
40.95238751,-31.59524306,1.1,1.1
40.74346985,-31.92298348,1.1,1.1
40.53337829,-32.24999035,1.1,1.1
40.32232293,-32.57640875,1.1,1.1
40.11051403,-32.90238384,1.1,1.1
39.89816179,-33.22806084,1.1,1.1
39.68547637,-33.55358476,1.1,1.1
39.47266805,-33.87910089,1.1,1.1
39.25994693,-34.20475432,1.1,1.1
39.04752335,-34.53069013,1.1,1.1
38.83560742,-34.85705361,1.1,1.1
38.62440932,-35.18398985,1.1,1.1
38.41413931,-35.511644,1.1,1.1
38.20500765,-35.84016121,1.1,1.1
37.99722438,-36.16968663,1.1,1.1
37.7908749,-36.50026865,1.1,1.1
37.58487065,-36.83104701,1.1,1.1
37.37748036,-37.16066392,1.1,1.1
37.16696641,-37.48775643,1.1,1.1
36.95159099,-37.81096171,1.1,1.1
36.72961641,-38.1289169,1.1,1.1
36.49930478,-38.44025899,1.1,1.1
36.25891855,-38.74362521,1.1,1.1
36.00671978,-39.03765263,1.1,1.1
35.74101174,-39.32093811,1.1,1.1
35.46091115,-39.59127829,1.1,1.1
35.16628383,-39.84573323,1.1,1.1
34.85702335,-40.08133556,1.1,1.1
34.53302347,-40.29511771,1.1,1.1
34.19436266,-40.48446118,1.1,1.1
33.84281979,-40.64995405,1.1,1.1
33.48108907,-40.79391099,1.1,1.1
33.11187363,-40.91866347,1.1,1.1
32.73785998,-41.02652492,1.1,1.1
32.36075307,-41.11875146,1.1,1.1
31.98074504,-41.19496893,1.1,1.1
31.5978986,-41.25466377,1.1,1.1
31.21227659,-41.29732249,1.1,1.1
30.82399446,-41.32238379,1.1,1.1
30.43419662,-41.32834961,1.1,1.1
30.04496274,-41.31287075,1.1,1.1
29.65840673,-41.27356679,1.1,1.1
29.27664194,-41.20805899,1.1,1.1
28.90145516,-41.11496045,1.1,1.1
28.53376577,-40.9955178,1.1,1.1
28.17435096,-40.85141026,1.1,1.1
27.82398783,-40.68431704,1.1,1.1
27.48345334,-40.49591746,1.1,1.1
27.15352466,-40.28789071,1.1,1.1
26.83497882,-40.06191593,1.1,1.1
26.52859294,-39.81967243,1.1,1.1
26.23514403,-39.56283934,1.1,1.1
25.95550293,-39.29282627,1.1,1.1
25.69098521,-39.00976194,1.1,1.1
25.44303812,-38.71339566,1.1,1.1
25.21310921,-38.40347639,1.1,1.1
25.00264224,-38.07975553,1.1,1.1
24.81135172,-37.74299058,1.1,1.1
24.63446426,-37.39655048,1.1,1.1
24.466488,-37.04422242,1.1,1.1
24.30193092,-36.68979353,1.1,1.1
24.13569229,-36.33677238,1.1,1.1
23.96609002,-35.98623142,1.1,1.1
23.79320772,-35.63798515,1.1,1.1
23.61714388,-35.29183745,1.1,1.1
23.43799698,-34.94759238,1.1,1.1
23.25586534,-34.60505367,1.1,1.1
23.07084752,-34.26402537,1.1,1.1
22.88304185,-33.92431139,1.1,1.1
22.6925468,-33.58571553,1.1,1.1
22.49944942,-33.24806108,1.1,1.1
22.3036289,-32.91152109,1.1,1.1
22.10478273,-32.57657506,1.1,1.1
21.90260231,-32.24371237,1.1,1.1
21.69677907,-31.91342267,1.1,1.1
21.4870311,-31.58614712,1.1,1.1
21.27330667,-31.26191021,1.1,1.1
21.05567189,-30.94052324,1.1,1.1
20.8341936,-30.62179584,1.1,1.1
20.60893922,-30.30553916,1.1,1.1
20.3799962,-29.99164313,1.1,1.1
20.14748153,-29.68011271,1.1,1.1
19.91151469,-29.37096254,1.1,1.1
19.67221501,-29.06420684,1.1,1.1
19.42970198,-28.7598601,1.1,1.1
19.18409483,-28.45793678,1.1,1.1
18.93551314,-28.15845118,1.1,1.1
18.68407615,-27.86141771,1.1,1.1
18.42990334,-27.56685067,1.1,1.1
18.17313217,-27.27471459,1.1,1.1
17.91394513,-26.98484791,1.1,1.1
17.65253202,-26.69706969,1.1,1.1
17.38908241,-26.41119892,1.1,1.1
17.12378603,-26.12705451,1.1,1.1
16.85683267,-25.84445543,1.1,1.1
16.58841185,-25.56322069,1.1,1.1
16.31871327,-25.28316919,1.1,1.1
16.04792674,-25.00411991,1.1,1.1
15.77624184,-24.72589192,1.1,1.1
15.50384821,-24.44830404,1.1,1.1
15.23093565,-24.17117528,1.1,1.1
14.95769373,-23.89432469,1.1,1.1
14.68431227,-23.6175711,1.1,1.1
14.41098082,-23.34073365,1.1,1.1
14.13788911,-23.06363118,1.1,1.1
13.8652268,-22.78608267,1.1,1.1
13.59318368,-22.50790711,1.1,1.1
13.32194147,-22.22893321,1.1,1.1
13.05161685,-21.94907166,1.1,1.1
12.78229337,-21.6682744,1.1,1.1
12.51405464,-21.3864935,1.1,1.1
12.24698391,-21.10368121,1.1,1.1
11.98116471,-20.81978977,1.1,1.1
11.71668052,-20.53477124,1.1,1.1
11.45361479,-20.24857788,1.1,1.1
11.19205085,-19.96116177,1.1,1.1
10.93206298,-19.67247918,1.1,1.1
10.67356421,-19.3825558,1.1,1.1
10.41633012,-19.09147663,1.1,1.1
10.16013201,-18.79932857,1.1,1.1
9.904741119,-18.50619852,1.1,1.1
9.649928814,-18.21217327,1.1,1.1
9.395466168,-17.91733989,1.1,1.1
9.141124638,-17.62178517,1.1,1.1
8.886675449,-17.32559601,1.1,1.1
8.631848831,-17.02892254,1.1,1.1
8.374376866,-16.73500076,1.1,1.1
8.109132758,-16.45148098,1.1,1.1
7.826400823,-16.19600094,1.1,1.1
7.500327412,-16.02361602,1.1,1.1
7.12757875,-15.95493399,1.1,1.1
6.729467049,-15.97520477,1.1,1.1
6.336713252,-16.05878125,1.1,1.1
5.972295175,-16.18838749,1.1,1.1
5.639931178,-16.36758269,1.1,1.1
5.337322459,-16.59657262,1.1,1.1
5.054568899,-16.86027496,1.1,1.1
4.780662906,-17.1413791,1.1,1.1
4.50459673,-17.42257472,1.1,1.1
4.215474174,-17.68670357,1.1,1.1
3.907356175,-17.92337603,1.1,1.1
3.581127498,-18.13151938,1.1,1.1
3.238169742,-18.31073972,1.1,1.1
2.879864583,-18.46064287,1.1,1.1
2.50813767,-18.57704385,1.1,1.1
2.127216956,-18.63971564,1.1,1.1
1.742231101,-18.62558827,1.1,1.1
1.362977157,-18.53397206,1.1,1.1
1.002985158,-18.38216239,1.1,1.1
0.670703461,-18.18548527,1.1,1.1
0.362555124,-17.95352095,1.1,1.1
0.073264234,-17.69503797,1.1,1.1
-0.202444971,-17.4188047,1.1,1.1
-0.469793487,-17.13350093,1.1,1.1
-0.731732291,-16.84414283,1.1,1.1
-0.988183129,-16.55085813,1.1,1.1
-1.238857328,-16.25343455,1.1,1.1
-1.483466216,-15.9516598,1.1,1.1
-1.721721043,-15.64532175,1.1,1.1
-1.953333057,-15.33420805,1.1,1.1
-2.178013432,-15.01810656,1.1,1.1
-2.395473572,-14.69680491,1.1,1.1
-2.605424806,-14.37009154,1.1,1.1
-2.807606852,-14.03790358,1.1,1.1
-3.00182423,-13.70051733,1.1,1.1
-3.187890325,-13.35825609,1.1,1.1
-3.365618522,-13.01144315,1.1,1.1
-3.534822209,-12.66040186,1.1,1.1
-3.695314925,-12.30545545,1.1,1.1
-3.846909901,-11.94692735,1.1,1.1
-3.989420757,-11.58514085,1.1,1.1
-4.122660723,-11.22041916,1.1,1.1
-4.246603972,-10.85302949,1.1,1.1
-4.36187748,-10.48301042,1.1,1.1
-4.469274141,-10.11034258,1.1,1.1
-4.569586698,-9.735006605,1.1,1.1
-4.663597622,-9.356983272,1.1,1.1
-4.749790664,-8.976300668,1.1,1.1
-4.821459848,-8.593093054,1.1,1.1
-4.871187669,-8.207509397,1.1,1.1
-4.891556775,-7.819698581,1.1,1.1
-4.874815172,-7.430715107,1.1,1.1
-4.810721092,-7.048356397,1.1,1.1
-4.688296582,-6.68326444,1.1,1.1
-4.511657577,-6.338412149,1.1,1.1
-4.304555808,-6.006779129,1.1,1.1
-4.088057831,-5.681753448,1.1,1.1
-3.867287953,-5.361016161,1.1,1.1
-3.643399152,-5.043317985,1.1,1.1
-3.417544563,-4.727409719,1.1,1.1
-3.190836324,-4.41208751,1.1,1.1
-2.963785895,-4.096820608,1.1,1.1
-2.736446715,-3.781591045,1.1,1.1
-2.508860791,-3.466393686,1.1,1.1
-2.281070205,-3.151223242,1.1,1.1
-2.053116887,-2.836074656,1.1,1.1
-1.825042918,-2.520942718,1.1,1.1
-1.596890228,-2.205822369,1.1,1.1
-1.368700822,-1.890708322,1.1,1.1
-1.140516239,-1.575595597,1.1,1.1
-0.912359737,-1.26048116,1.1,1.1
-0.684231395,-0.945364546,1.1,1.1
-0.456129734,-0.630245597,1.1,1.1
-0.228053121,-0.31512416,1.1,1.1
