x,y,t
-1.0209849219601033,-0.078731967502458,0.0
-1.013223188623373,-0.0499750880140137,0.08423857190175929
-1.0099505282985677,-0.0301878199854463,0.1505727246218434
-1.0099729992863544,-0.0169058390250995,0.20226086445860864
-1.009726584680125,-0.0038451752225512,0.24373839112530482
-1.010329621657398,0.0094240001333414,0.29438693275759853
-0.9990020766125128,0.0226615462841319,0.37476266679456904
-1.0002391840180511,0.035891495225,0.4311327077282843
-0.9999790504205812,0.0491433456620225,0.4934638663251978
-0.9998596046949332,0.0625067994181378,0.5394650602272562
-1.001059293583289,0.0745520762831066,0.5990108259809497
-0.9908697663349172,0.097972843635171,0.7262938721164718
-0.9902690710056312,0.1117820276763534,0.795405815849107
-0.9896517162798996,0.1259485164364697,0.813330318993724
-0.990708329715318,0.1371435143481019,0.8695359132115175
-0.9792099775037304,0.1733557596849486,1.0474909160736374
-0.9800689735142268,0.1850927913682234,1.090480212590559
-0.9805577323251776,0.1965677766012632,1.1317413844932764
-0.9681135136744246,0.2471505784945424,1.3541683171478776
-0.9590405263550164,0.2877527065119238,1.4560233792123116
-0.9607699705094994,0.2952358630944189,1.4891852393668052
-0.9486609671558116,0.3435176825638084,1.6908045829879546
-0.9356013214925164,0.3728516328874516,1.7823910389162985
-0.9223017427258444,0.4051990552909075,1.8641185788929622
-0.909071478594413,0.4428932385606288,1.9739503818653514
-0.895822019586296,0.4831353564716458,2.0641640490990047
-0.8826488556242822,0.5151492464213856,2.1615535585022103
-0.8694474043981959,0.5411176551391712,2.2566680968397654
-0.8532709393501712,0.5736637703665401,2.3414462230729183
-0.8248299841449835,0.6293164370065867,2.465339466919303
-0.8096897531829796,0.6708303974715388,2.617741390454372
-0.7963440604631256,0.6970089608886809,2.748895379519238
-0.7832381423745343,0.7236476179716949,2.8299905850529026
-0.769944785736369,0.7501212884725277,2.8936399694006467
-0.7544268105644996,0.778160564665356,2.994133651090381
-0.7257093349929669,0.8276055262317659,3.128412139468162
-0.7102984296987422,0.8595228486237261,3.2553861674977984
-0.6832792586807308,0.9002733159519192,3.4998720720772387
-0.6626110607372997,0.9283036420609888,3.5957307045906877
-0.6511104409021105,0.9385669130135046,3.653899697697596
-0.6148150718553467,0.9860209606041348,3.8538750043328935
-0.6076696939010713,0.9931619017552364,3.8797568720654456
-0.5625896355785098,1.0280219407539928,4.021809238851763
-0.549666868283504,1.041006000094967,4.061415578707416
-0.5184568110689582,1.0665227747294015,4.151896414074864
-0.4729370587246571,1.0981130498647804,4.263490385617542
-0.432985278608724,1.1248564057114478,4.342827096665424
-0.3996236146452823,1.1449966159005918,4.421058734836177
-0.3637000317601799,1.1676799453334077,4.495611214978245
-0.3350159424275958,1.183130504881234,4.56373123763978
-0.2986832358257274,1.2061841806999531,4.659944338877624
-0.2736034174032085,1.218173144498273,4.731751568076761
-0.2478468891095175,1.231209865845937,4.7955279140039355
-0.2060002030631764,1.2498399369882875,4.910904162199267
-0.1577098302600497,1.2676143787936065,5.062485726702163
-0.0849100146449135,1.2920362541318546,5.2372510054519985
-0.0611215444302768,1.3032756606575866,5.340613961283066
0.007500006796139,1.3258969639990497,5.701882317730548
0.0516390667795967,1.340853855265383,5.779367947005752
0.0861032127189087,1.3543043093512743,5.874179259670104
0.1323482230385355,1.3674544071830823,6.02692419957553
0.1830451841994822,1.3807000680214188,6.141412317909944
0.2323266846385365,1.3940014114330523,6.225054832359347
0.2762772012465806,1.406903250322504,6.326060055747737
0.3410439139772805,1.420132258502342,6.524859184474087
0.3610311662872565,1.4226194955596227,6.596336408766439
0.4185259896176827,1.436847596694097,6.855622170133566
0.4602377073729879,1.450063148790214,6.976141224084039
0.4729558953286972,1.4497700886658151,7.027438482265428
0.4866702375044944,1.4500371390615072,7.075417958707846
0.4998386330882987,1.4500014856268706,7.115782872856636
0.5132508852111428,1.4501771481219805,7.153103563477824
0.5252349365435123,1.4489229726952289,7.194912267146103
0.5492411822385783,1.4596922581134315,7.295730801212722
0.5625111813365624,1.4597251089650136,7.3489712520728645
0.5761048900669028,1.460081664346987,7.395074240911988
0.5892281936770445,1.4599678216724108,7.443948702899954
0.6019606900069352,1.459463173891038,7.488102623782486
0.6216012190102074,1.4658665230231946,7.577318385895722
0.6391725164093458,1.4702007547055975,7.647566640678877
0.6522746248699338,1.4700663093448083,7.712493264443492
0.6654279238216496,1.4699764100703732,7.7422980686329055
0.6786846196353817,1.4700139618867,7.780314221181073
0.691920718946097,1.47010799272104,7.811423931102143
0.7051574560680383,1.468977826466137,7.85707526152939
0.7183947102337669,1.47872960690977,7.920395594458159
0.7316318506299222,1.479795774827803,7.965958972274339
0.7448689963456747,1.4800728165691055,8.008377007381066
0.7581061446154571,1.479993545151988,8.046665849521832
0.7713432922671704,1.4800042767240311,8.079537352043479
0.7845804398096021,1.479932223339116,8.113089401606022
0.7978175880989795,1.480243474979222,8.15882614360625
0.8110547367957253,1.4807822406786038,8.199157661677846
0.8242918589927584,1.4910651454973696,8.267756066216972
0.8375291265142284,1.4898582488842322,8.32988435562473
0.8507663791437423,1.489992056084766,8.39557604432286
0.8639989247438162,1.4900011448332684,8.461739657002635
0.8772599196470843,1.4900186236243975,8.481025733839832
0.8905010245019849,1.4900233754323224,8.504115514879794
0.902915617309466,1.489200876778007,8.555596579446478
0.9242066164214132,1.4972546948651375,8.669331475844633
0.9401579900394044,1.4999689254293005,8.741060949040452
0.95350309169425,1.5000768795982786,8.807802210375865
0.9666490764563472,1.4999857164956794,8.868858803468727
0.9799006818510224,1.5000001742253453,8.930815304124167
0.99315111291242,1.5000134575956388,8.944238923454964
1.0062974510199163,1.4999226480105712,8.975477310446557
1.0196735137581625,1.5000615630572938,9.012590206078276
1.035377401942016,1.5025283035495356,9.066419913301221
1.0569235471385188,1.5108373010538898,9.151855114827189
1.0692893724873451,1.509965978711989,9.206464906519749
1.082541663500967,1.50998112204422,9.272726481847306
1.0958022719890597,1.5100045827513178,9.30027096705354
1.1090345782290338,1.5099997415188646,9.366428689174281
1.1222718915942682,1.5099999088960807,9.38111838488418
1.135509164599663,1.5100000173731765,9.392983813997088
1.1487462613688404,1.510000014996102,9.40479126755845
1.1619832730453314,1.5100001536913403,9.416538026436859
1.175221995872915,1.509998579704103,9.428234068371662
1.1884539414749735,1.5100037815028742,9.443007969387699
1.201669753708698,1.5100251169798256,9.46226095156863
1.215199091514977,1.5097329268707682,9.493133607111425
1.2273480583851022,1.510821107690738,9.523889586610458
1.2520936486186385,1.499312665149006,9.596301997673415
1.2643642098388366,1.500279251620526,9.631220605108423
1.2779140101231707,1.4999665990277968,9.671673708675177
1.291124970799283,1.4999927860432507,9.710464285110492
1.304287787782977,1.5000671167537902,9.742101855063176
1.3178480249145377,1.499744027302139,9.793434178559789
1.3314261719735343,1.4994030279225328,9.823483343823087
1.3551418596139744,1.4889244884365027,9.953178224625464
1.3671426469413337,1.4901608464531684,10.005739673088122
1.3805274885722856,1.4900131517782356,10.07012211102412
1.394000932311494,1.4897769386225548,10.10968880270854
1.4059758329452858,1.4910387225159418,10.1549067925997
1.4304045243693206,1.479847332325825,10.256262455910772
1.443230868504214,1.4802728272794532,10.296901977339576
1.4566251444126888,1.4800252352187826,10.335861918554707
1.4699756968692146,1.4799939719286286,10.370623171245256
1.4890167510956245,1.4770909407213288,10.430850424459392
1.5180363372377794,1.4692107404451633,10.5166504683328
1.529602674479028,1.470029299688754,10.554253609563926
1.5410195829605424,1.470637531497978,10.587507825433404
1.574974026604389,1.4637231595539113,10.70924494013703
1.6000055294558688,1.459794286620646,10.779725187139915
1.6196163009422817,1.4576827661800031,10.840572649276439
1.6590203932817094,1.448850037264556,10.984889754694278
1.6679863938528978,1.4505341477891849,11.011880527035059
1.704127493514337,1.4391127337160938,11.125239044147275
1.7153727610878722,1.4399606015244402,11.154765999692657
1.7282360633610256,1.4405895485819116,11.186708093271132
1.7529408339811337,1.429109923987454,11.262761002689718
1.764947147353352,1.43033554526059,11.300460791407376
1.778733476112377,1.429786389821999,11.341535437982206
1.7931760927481744,1.428574800579618,11.381149632331597
1.8159988639459872,1.4190683769037022,11.456732329097242
1.8281345603196808,1.4198820854330698,11.492627875754833
1.8414581419700564,1.418864170612654,11.533129719242401
1.8546824028478444,1.4090088199242068,11.58727030034045
1.8680428395709097,1.4099489579940503,11.635266737051976
1.881566897028568,1.4093737462692673,11.6808337907512
1.914625345841527,1.3943620980710882,11.81527966512959
1.936528121983452,1.3906305062973665,11.896090122266424
1.9716408538212544,1.3796286184852562,12.02120892014937
1.9901528306432803,1.3770187194400163,12.101084921307013
2.0321444066946714,1.3624709113214273,12.323285979900515
2.071380375852014,1.3493892448828575,12.421245186729111
2.1010813436370217,1.3361654366818705,12.568019603974205
2.134828168348543,1.3229197096477598,12.680043176571262
2.160646718872515,1.309683810112503,12.803236319723428
2.1869746422431167,1.296501755668945,12.880323013781654
2.214138195214032,1.2829328094818102,12.926034054147673
2.2400862750257264,1.2699568666059022,12.95515312687943
2.289028469516227,1.2454852192983985,13.009295249417695
2.310445665739687,1.2347799565350392,13.032369828076598
2.359138701047952,1.210429115534044,13.084389791271885
2.3855789113587687,1.1971238803053517,13.127961347461213
2.411455330159568,1.1848141243260493,13.209147610286612
2.448520137920939,1.1609274983483502,13.387238131904402
2.4752604056724383,1.147427821972606,13.482492672193104
2.500815548052133,1.1350877303760605,13.551956495839187
2.537746663988072,1.1114472095143562,13.697387472320997
2.565054420845465,1.097858796271991,13.780584108858047
2.585568003081276,1.0842972462929996,13.857206184180619
2.607556743934248,1.0711349759620743,13.925461531180344
2.6345666850694425,1.0579237683760765,14.017339290314032
2.655586721128943,1.0443743563480616,14.106399390227185
2.6761745895600573,1.0321070587947556,14.17511236944203
2.714292401912191,1.007360750315387,14.29036208619681
2.7409510569010376,0.9952093334254712,14.389853241028678
2.757770163451104,0.9816795103319116,14.482780466439939
2.7820768952629127,0.968463878532548,14.58492962428778
2.7982483669651668,0.9552319171369774,14.652678078073269
2.826748539973819,0.94199319326556,14.765197074261813
2.840857546583786,0.9287561851789086,14.84696877786329
2.8591849418643864,0.9155190355727268,14.960007238181538
2.8772195088566104,0.9022819943016084,15.009184778057474
2.901368843494806,0.8890450077794441,15.0780151520217
2.9169828243377776,0.8758031217110762,15.125139237222262
2.9460567903651818,0.8625890136791892,15.194869389398727
2.961064453735,0.8493661634170344,15.235905627551587
2.985036462480812,0.8352764904392522,15.295455400142957
2.9969670089470477,0.8302478914225428,15.325070168459046
3.0103735921942505,0.8194948733415348,15.36632122843422
3.0236211902207497,0.8097883923632274,15.40790155186189
3.0368510163084306,0.8040924716557942,15.44875824979453
3.0500894807054646,0.7899709177415293,15.507350984993309
3.0633416435898955,0.7879107584819156,15.552044480494187
3.076481225961354,0.7721706419615231,15.621603198836283
3.089836125917655,0.7700710039030518,15.666792275454428
3.105957745375269,0.7566877204260063,15.732267207607014
3.12594357838462,0.743781122041602,15.798949475861509
3.149208239733243,0.7304858545894994,15.865481813787003
3.164242093568566,0.7172489671820355,15.921984170200284
3.193378148633199,0.7040139550986648,16.00576409230462
3.2088689770873438,0.6907754930183341,16.053875493313722
3.232930509892773,0.6775288039798806,16.115693382558387
3.2513950674498044,0.664378243122357,16.163924779933826
3.268909220619941,0.6509156488744701,16.207538001790624
3.296877927530149,0.6360070004179281,16.27595876823003
3.326292930479328,0.6136395245208863,16.351830294378868
3.346762125664805,0.6014261151497458,16.39828926058958
3.3720528580057607,0.5881317546572387,16.450863246518026
3.3902902710356653,0.5748775471579552,16.49567485151267
3.4081196633630864,0.5616317601058043,16.535865509148643
3.4334683726531825,0.5483423504007572,16.599510820017663
3.4588862053723783,0.5358676915118075,16.655779579184937
3.4936541358489226,0.5144238608175886,16.747791085015034
3.5328107457787272,0.4884970386049989,16.838233529761528
3.563595567366624,0.4709479861691754,16.91854140328186
3.5951426138040308,0.4526385529828278,16.98487784026955
3.632617502659057,0.4284007659069697,17.098649503098653
3.658138836767458,0.4161165730812968,17.186830694926435
3.6852872107973216,0.4022053498841682,17.26312832441558
3.71197990912823,0.3887497994880551,17.321439129738362
3.7490087258732654,0.3649581051080481,17.4557608300787
3.774246738109498,0.3529573732834663,17.555995651700194
3.800877562091218,0.339563707925306,17.636134935073493
3.827353656270885,0.3263202455055527,17.691760200514928
3.8538718340245897,0.3130653034138291,17.721088991779858
3.8803199865508464,0.299840280220824,17.749925159335987
3.905255723950246,0.2873444611204192,17.782561784579492
3.9473524035257856,0.266474081779517,17.86405919145277
3.979683363742103,0.2501140789303182,17.947026814673656
4.016536207362373,0.2370173213216819,18.142558081073982
4.050160877684066,0.2225167066994231,18.259969220145845
4.069450730353799,0.2202077149363823,18.35166170528808
4.093316165973006,0.2095742546671992,18.457969286137175
4.112315192394609,0.2037230448439366,18.525130521507737
4.129034398302485,0.2002450660337444,18.578171792291663
4.153575781260804,0.1887931401279914,18.672219107072475
4.165497282501788,0.1914082960800343,18.72006568285757
4.179023503098184,0.180570811230309,18.789253640952612
4.192366171250212,0.1782317474960439,18.837140447266513
4.204435241054854,0.1700280311537874,18.88554758770834
4.227692433026887,0.1610922414065587,18.964501421468963
4.241432594274835,0.1605382776680581,19.005558440872694
4.259328703554013,0.1557905388314306,19.063979622716523
4.287815259420457,0.1407678292787064,19.175446188092902
4.303656486732082,0.1390770799290273,19.24388028281661
4.344639521729862,0.1251017675331027,19.460381647543493
4.386006981911057,0.1110634829214927,19.529189191657988
4.402737221727515,0.1093067606916964,19.61334482248347
4.444608411471789,0.0951266864578599,19.834381040265743
4.482669656192984,0.0821364279300809,19.906442227076603
4.534148001189857,0.0687501803034518,20.172414994886484
4.565518583533899,0.0592247943280401,20.261462818178824
4.578144343979234,0.0598532014926789,20.311347862865606
4.5924853998237705,0.0594387522935786,20.36174647255
4.637265435488841,0.0489191302369498,20.53519701745285
4.646781876607951,0.0501637336788043,20.574915649094322
4.6604739765388405,0.0500122899192039,20.63419808514543
4.674189087694936,0.0497788904415728,20.672667636816122
4.6848935091059385,0.0510420282597916,20.725149741015358
4.720478820150875,0.0398683910117707,20.911658292071817
4.732881005817076,0.0402858927583444,20.953898362245504
4.74678179266966,0.0399540563764269,20.99741719064909
4.759928332490249,0.0399993629158661,21.034552134156943
4.773528423818936,0.0398178924581671,21.069744848910616
4.784250526624545,0.04107540584911,21.103426190119084
4.8191521186157775,0.0302431970869907,21.224531272692463
4.832326117672549,0.0302749956834205,21.27526822988342
4.8462323158671,0.0299387518208522,21.334598110969328
4.85934526621949,0.0300042308711034,21.399242172881777
4.872584369418641,0.0300412835544214,21.432675442586646
4.885824895061687,0.0297128223457772,21.480364620399126
4.899061350548413,0.0305021733532182,21.535977125258075
4.912298508902042,0.0190665899619055,21.623606540768353
4.925535791042387,0.0202495784943419,21.678549757638866
4.938772600429916,0.0199826975968324,21.73664463265436
4.95200779968839,0.0199977024724713,21.802830856529447
4.965266959414004,0.0199815115161978,21.83632732988128
4.978432234100437,0.020051925262905,21.874090498726584
4.991365484408222,0.0203559161835791,21.919864859791513
5.009909552128436,0.0150490217850212,22.01631258845879
5.028570752353753,0.0096249707073052,22.06094908924622
5.041482940209429,0.009949959093932,22.125572566002578
5.054649269121148,0.0100203101844247,22.176930741106478
5.067912067744066,0.009996583401179,22.216655272459473
5.081153843487575,0.0099957472211524,22.244078035308252
5.094239950484452,0.0100613338192356,22.28283520948584
5.1081640945208,0.009763784146882,22.352476991070006
5.122180333240612,0.0094255906602658,22.383063843687424
5.154500201602604,-0.001943388816171,22.505359183218808
5.182348921793638,0.007817560712608,22.591835259226098
5.200379377916063,0.0099186008761833,22.640520241047472
5.214001700339955,0.0100875643172368,22.675317164999772
5.2268664717449,0.0099142591003822,22.70586356186866
5.240179068459414,0.0099502492304317,22.735552332679116
5.260054908434695,0.0132695049688091,22.78676850005152
5.288147714923104,0.0206974014155498,22.85599915921381
5.299989416496674,0.01999966834064,22.887868963531222
5.313560406067799,0.0201665889966378,22.922437285479297
5.324327321231214,0.0189314730801282,22.95168537390688
5.359301885399978,0.0298001812592865,23.052024207477725
5.372293400217222,0.029677364778804,23.08461876882825
5.386874402960382,0.030349292627033,23.119291647597535
5.398734790808296,0.0296609121064079,23.14923023326705
5.434556022412549,0.0409529467663016,23.247361300281064
5.44599487660877,0.0400538611070118,23.275030059358993
5.45820028345665,0.0395378490441071,23.303096430033055
5.494260480660392,0.0509481559407731,23.39628242018068
5.5051225736799605,0.0497721722897726,23.42671398656162
5.518826042804035,0.0499735700543784,23.4657925465883
5.531642663910334,0.0495650854241667,23.503930234408287
5.550694075716487,0.0553852681017374,23.570716793120578
5.568791717230303,0.0602443124457465,23.62822189987962
5.581472565431058,0.0596881009774108,23.678107665457045
5.6000226170409295,0.0650010336897928,23.75897229076518
5.618636481229666,0.0703777421767597,23.80976832478653
5.631629702649464,0.0701338160255069,23.870080531240575
5.6437369977485,0.0690039710644097,23.918191184523952
5.666311138037097,0.0783409335016447,24.02761309853387
5.681107421473213,0.0799000036994392,24.083738174916764
5.693591453900394,0.0791482599919639,24.12745060640397
5.715703332772455,0.0880168761690125,24.218780672720552
5.7307858192785535,0.0898543167358116,24.271019882486055
5.744234537311092,0.0903146888775783,24.316040118787893
5.757376764290081,0.0889950058487958,24.36471173771086
5.77062066998637,0.1003475436287342,24.437766368192396
5.784105757292439,0.0999495888744981,24.494257997600442
5.796002773079495,0.0989430967844491,24.537924893849272
5.820484196860518,0.1101435053829682,24.65375890266606
5.836637099411005,0.1130607881683705,24.715890620544194
5.85752080068986,0.1206848029065703,24.794588907928038
5.870051581621704,0.1199960421129144,24.847514923351703
5.884817670465575,0.1222395527905462,24.905794038904173
5.92107007835598,0.1377618366990329,25.047476319626163
5.939723505590047,0.1399173940444047,25.108085939609097
5.966352025912039,0.1532757917515095,25.215449348067427
5.992405406046915,0.1661817161869816,25.307595209898217
6.018953880658438,0.1794778136393073,25.41375906437771
6.045416774521586,0.1927145009213653,25.442480028458846
6.071977217733361,0.2059499686671611,25.48227108776077
6.098255783802715,0.2191874457384894,25.53754865650394
6.122773747464644,0.2324245860083422,25.62074098903035
6.140389678101384,0.2456617161168672,25.71447953659137
6.167899883463617,0.2588988899734001,25.866754022127367
6.194775472033831,0.2721362003536089,25.93812494260197
6.215005237272992,0.2853716280234444,26.04097805098381
6.237660585988335,0.2986140765843394,26.126854544324658
6.253113637732076,0.3118770520657925,26.214194214892167
6.2761547608211306,0.3247936832682345,26.309684509954423
6.288221992598489,0.3391530728383305,26.373284382967064
6.3015434960744425,0.3411324765647343,26.41992521228926
6.314803076185386,0.3503827081824369,26.471653997679898
6.328028254713045,0.3573612155783738,26.5162431730621
6.341252412938863,0.3702537113959216,26.576167511930613
6.354754160224081,0.3734775334955014,26.62264397544435
6.366837873991281,0.3878704900191181,26.683325063004485
6.391553812565258,0.4009916094849046,26.765735116615087
6.403041936961506,0.4142135459760947,26.81200653467798
6.425287379785631,0.4274568277885819,26.877086480689393
6.440581842467379,0.4406932743959615,26.924974382871124
6.454231424806286,0.4539303563438572,26.96684119092695
6.4661357848099446,0.4671675363354595,27.008145289558904
6.490643237699219,0.4804046798809533,27.078114532635222
6.5033537375663695,0.4936418273089042,27.121683470583825
6.516927421581167,0.5068789751675471,27.163338296677757
6.530116494226283,0.520116122836189,27.200811712813927
6.543351799953376,0.5333532705795783,27.232731403378086
6.556590690573531,0.5465904179325314,27.251883296676418
6.569827562979496,0.5598275660178249,27.27084951172329
6.583064710806729,0.5730647228718375,27.289638094578198
6.596301834713719,0.5863018051087803,27.30825514895263
6.609539035158784,0.5995390614088922,27.32670795122728
6.62277696864893,0.6127777804427339,27.345007282680317
6.63600785979907,0.6260024168963803,27.36314776303336
6.649258295593546,0.6392661366993142,27.38788272242695
6.662627809169146,0.652767975199918,27.430357658765896
6.674678596317515,0.6636327689051083,27.492743116188493
6.698155707322249,0.6973489018724504,27.68675658547186
6.71150258336929,0.7107987604817598,27.771375078246464
6.730897856816833,0.7364212244259001,27.91097827272466
6.749220217630734,0.7596222918413016,28.00158571393388
6.764523272604693,0.7758427756369723,28.11301955998675
6.805251863650758,0.8304526204476854,28.43764304270518
6.846749743648333,0.8854959749246909,28.54760151588904
6.8640591800682085,0.9025139201248766,28.645430514708373
6.894890309385497,0.92499232031639,28.83620832365786
6.925244164950437,0.9466579001063612,28.925376043186116
6.943139121781742,0.9622347807468028,29.037133868341076
6.974969401045192,0.9847705824908672,29.232135718569747
7.003717300138943,1.005762409757331,29.32257987876606
7.02028832382352,1.020666563213272,29.42220062866806
7.043274159947009,1.0387780646478877,29.568524411470598
7.066475968434483,1.056997539036665,29.61429803209145
7.101345710934977,1.081050984544456,29.688069650265593
7.121456598439897,1.0977250021844205,29.731811203173
7.146535160134269,1.11688285685792,29.782015898612705
7.181105151314439,1.1407864262962877,29.846150057071036
7.191365055588781,1.152534952279467,29.870976675212507
7.222134766929544,1.1745383817955857,29.93016071830206
7.240373468645055,1.1902763064991897,29.96841215198127
7.274124046804465,1.213770169424734,30.035836473168978
7.3006433494091585,1.2336483945729206,30.087058147722278
7.319798070174363,1.2498443288013554,30.12875170449538
7.3557825230488785,1.2744551290843944,30.204587925242052
7.363593169400266,1.284979026106356,30.229540475762505
7.399210430576575,1.309406230539672,30.31057392282182
7.4176902581531134,1.3252647181630053,30.356125905404614
7.445566450869057,1.3458213884505206,30.418558133462692
7.478472281376737,1.3688928773807092,30.48426783031382
7.496320525418129,1.3844355714249232,30.5287324837805
7.528323276183505,1.4070555365526722,30.60079562778443
7.537800913871761,1.4184128899770094,30.63030332952203
7.573059539667641,1.4426604749605296,30.713953335605556
7.59662575127984,1.4610651509346404,30.771331527268273
7.618286953986304,1.478505643196378,30.819156843718417
7.656528379307479,1.5041963248312804,30.910806441716154
7.6944375181785265,1.530329749579959,30.98712104010121
7.744177837748525,1.5569449829230777,31.110756569983106
7.7851280074952545,1.5836523357225438,31.215500506215143
7.820658117109383,1.6056444897594453,31.292629385999522
7.8464075967555775,1.6183148605210782,31.357603337792963
7.873654434598636,1.6325410337373398,31.419175483570733
7.913924464830268,1.6547223289635298,31.503868968900324
7.954288648958551,1.6759725082133414,31.581108794030293
7.982076022144268,1.690943280577354,31.628611282757074
8.009001250666278,1.7044220500593568,31.682969338324437
8.034178827769201,1.717589841790165,31.730651473770433
8.07203869387689,1.730860456339304,31.8081003518537
8.099473984871208,1.7431946235180753,31.869396551831187
8.156572660907793,1.764913246357036,31.986926751963797
8.212122346922547,1.7804415153201312,32.113309289107896
8.261761623337327,1.794066298539203,32.21013837021718
8.31003732422065,1.8059343929513003,32.45872580375402
8.411231548166247,1.8303778069728975,32.58370496784117
8.46021755922717,1.8439338330582944,32.67984059439027
8.509189266377136,1.8498286130241544,32.80293971439244
8.53976939609578,1.859939897925841,32.88336268886615
8.597474379545384,1.8709368599434129,33.014813400972464
8.601515053488631,1.86879800888736,33.02560994273719
8.65872421211923,1.8797642428071697,33.16357476626649
8.669295302276451,1.8790976024623696,33.18739034905779
8.711804066481518,1.886416324873597,33.28725757583162
8.739731171870753,1.8900886637196948,33.35584719730276
8.750647135209812,1.8895083694981665,33.38915797164138
8.789770243993308,1.8959798660821647,33.50674021166417
8.819832750650173,1.9001861998184388,33.58099737772431
8.833126781985884,1.900200378133956,33.62531597127928
8.84126881257067,1.8989270097122528,33.655770989542965
8.895167755715375,1.9090913060526589,33.84883166133632
8.911007741311176,1.9097351039691863,33.928096077086806
8.92638295143505,1.91034657283776,33.95490290025336
8.936339017464215,1.9092780040364443,33.98641059206289
8.984130322531128,1.9207944835422663,34.13379071266943
8.994235400602763,1.9197499689969213,34.16641749488636
9.008127967888948,1.9199685809213705,34.21327382376638
9.02058189834722,1.919707505881416,34.258874267337745
9.04861526541765,1.9246394477251343,34.38442943253986
9.079243686487136,1.9304370648253373,34.471372921263246
9.091308886518997,1.9300474956553624,34.53183811711538
9.104214372690004,1.9299133683198448,34.584614614515885
9.11815908808254,1.9302556714480232,34.653923320385395
9.132162323481223,1.930639922809672,34.69226255341919
9.16626683217146,1.9410737448263404,34.87062589723587
9.177041511377285,1.939842449817096,34.92052103147373
9.19056488193573,1.939985568488595,34.988064917337226
9.204282334449628,1.9402257214985104,35.02303356753229
9.215002608608758,1.9389672844133048,35.049792155653265
9.250671881839724,1.950183347225451,35.14218490067431
9.262968863277058,1.949713264095468,35.16945884468552
9.276868683710427,1.9500446004956944,35.19910593540971
9.29001633200736,1.9499998507735332,35.22577113879661
9.30362831489328,1.9501872674696368,35.25214684902255
9.314345336938468,1.9489272106638535,35.27517498724684
9.349367333697272,1.9598196271545945,35.355719378352894
9.36241053501895,1.9597224978932812,35.38447981727876
9.376318241978876,1.9600589339710237,35.41366272711211
9.389436861693108,1.9599975619637464,35.440474151539036
9.40270717218217,1.9599875304167576,35.46480703834771
9.415683206776686,1.9600774042934963,35.491674291897716
9.429522230923236,1.9598762160522725,35.524083187869635
9.448509138642107,1.9579596450475307,35.57327546675622
9.488382701314686,1.949080853496476,35.674700098379944
9.498672901166342,1.9500631683960703,35.7046116968484
9.511952857814116,1.950048912128928,35.74446420216286
9.526185340138268,1.9497169913345689,35.78190777433532
9.536493675760232,1.9506937092280268,35.81343031988116
9.584286349039912,1.9391772929733584,35.95758542364127
9.593955327036053,1.94034012601103,35.98330330883717
9.609204618358651,1.9397638071687344,36.02471748383622
9.626302745975588,1.938803985805752,36.06673874415226
9.678951609479029,1.928952349441744,36.2187724341313
9.687296913720065,1.930174915611854,36.25075591926678
9.700202843760474,1.9302577548362445,36.302666319894
9.731999132051572,1.9256179757066183,36.44485575735828
9.769638141090429,1.919517508258508,36.535659484387374
9.781037366367746,1.9199769890744456,36.571680245464
9.79505435913689,1.91978202792464,36.61283063352732
9.803472645755573,1.9209867427306972,36.63997063242377
9.862103102876636,1.909638415105963,36.82164184139972
9.873636783029786,1.9100642986174383,36.848994240987544
9.883188067794372,1.9109856749816,36.87118068274622
9.941227453706729,1.899785122665815,37.012407748793905
9.953338290852525,1.900069660214278,37.04400388156194
9.962530342225124,1.9010634107499695,37.069310372761926
10.02022601289311,1.8899607560495968,37.23618669705227
10.04451912907067,1.8878089552159447,37.32696302989176
10.130543504294112,1.873235310737396,37.717236868303814
10.20863641135775,1.860211505922429,37.80843747268838
10.280381202104133,1.8469639259802548,37.965103442887695
10.330217457825915,1.833816379529864,38.17816565327065
10.388325314524929,1.8204145650008063,38.32464445722123
10.44686538489506,1.804691480794066,38.50326008180935
10.506767997335578,1.7842411755824583,38.81977097951353
10.576300745822818,1.7613886779475258,38.94059978552103
10.605979614061054,1.7478255042769852,39.025341310237195
10.642545206497584,1.7342404203013544,39.11672906196712
10.667775312140964,1.7210818200424285,39.19375424597653
10.69426975520324,1.707871775855125,39.26028989949393
10.721086676244845,1.6943189819320068,39.31480462304963
10.746598796834396,1.6820376069154968,39.38567991464865
10.78456031087959,1.6573135625569968,39.53872388864573
10.810156633610651,1.6449549658682263,39.665217658960266
10.83615733769284,1.6321898282439875,39.73810475700446
10.875167769140496,1.6064109685445018,39.97189702641819
10.910468062966546,1.5844304463251682,40.07723276786997
10.93579910896616,1.572015524079351,40.18118561178878
10.961538897859072,1.5586939173060372,40.2600343186182
10.97876570098806,1.5457096788447655,40.34375965445724
10.99827088917055,1.5313280467604429,40.408636989173566
11.011048620138878,1.5295767074675624,40.45948857431104
11.02422505193932,1.5145720776226774,40.53105267039098
11.037480556958558,1.5103811146823176,40.575314273603695
11.050710195112693,1.4991747883673057,40.62730099192133
11.064183326611156,1.486118890858091,40.67908178373067
11.076177226853938,1.4727944876643877,40.72655995105965
11.100684572449367,1.4595684263836013,40.80849717081499
11.113379773790925,1.4463320131295063,40.861867495940025
11.126953623030657,1.433094407621276,40.91109355119877
11.140143128654511,1.4198573254188709,40.95387213066655
11.15337830781534,1.4066202323517203,40.988787760330126
11.166617451455666,1.3933827498163538,41.0079245229357
11.179854047314317,1.3801459719714764,41.02687354181313
11.193084357758044,1.3669178884085935,41.04563185597167
11.20636985698131,1.3536166067495543,41.069399156472976
11.21952893179777,1.3404830328564683,41.102067081025865
11.231592606481504,1.3288026802169917,41.158978695802276
11.258483716293089,1.2966875534255138,41.368448558407835
11.279549890169475,1.252400959145472,41.574886977846056
11.292653946468546,1.2018202986913948,41.73198261914331
11.305716808549125,1.157890081806677,41.83360829229528
11.31899044053114,1.1041326298388316,41.97675600949114
11.332225808454984,1.0529607532823275,42.07114413966593
11.34546640482939,1.009030153360614,42.18597647308296
11.358691017650695,0.9552851666405306,42.35373617977558
11.371859656357431,0.9036570289803496,42.45196930475138
11.385902930327353,0.8632329705620805,42.59454110669776
11.390471454053186,0.8406265970010764,42.69474444908893
11.39144328956808,0.825459987068502,42.76857086478172
11.40003025098702,0.795074169602481,42.92644586805109
11.408307769822406,0.7652013918379499,42.99684392759602
11.409532399189644,0.7493000991171943,43.07513797449
11.414622406023907,0.7307002176640154,43.16244248117995
11.420384426003553,0.7117908050071033,43.220878417182796
11.419829528789728,0.6990999317787416,43.263926393668065
11.424159653627289,0.6815314129149641,43.321035424514065
11.430546737102295,0.6619076506681676,43.38058639935144
11.43007099710273,0.6491461825699947,43.423246378794154
11.42912202318482,0.6368583351229926,43.46055420697217
11.437590463008153,0.6151510402991089,43.54134070244054
11.439924926686514,0.5995790790247835,43.59907847498464
11.440019673227232,0.5863065262474372,43.650716617334226
11.440266586287818,0.5724857041086597,43.69230644497057
11.440134800815946,0.5595245432103955,43.741604307797395
11.451071923821596,0.5244126778880265,43.92510970864796
11.449801932478474,0.513721556943322,43.97592839375843
11.450002021561463,0.5000778235039913,44.04415382470064
11.45018843507662,0.4862859491168638,44.06493052990536
11.448922885689749,0.476838193820333,44.08482820440095
11.459749863207485,0.4311223437675657,44.18090245589461
11.459728775128076,0.417967124574595,44.21068774175976
11.460039154074982,0.403655264183806,44.241972136431954
11.460024324717006,0.390747214809334,44.27113837334696
11.460552413123244,0.3790882213146247,44.299559516472804
11.454040932517602,0.3463065102591809,44.386124188463945
11.449816336621897,0.3203976518102376,44.457140700896744
11.44993307276753,0.3075106430788352,44.50246972512427
11.450018347935904,0.294529270466846,44.536551313161965
11.449997866583256,0.2812306900316219,44.60284320465393
11.449991594196533,0.2679747238986092,44.62976493025113
11.450074040616007,0.2549849233517562,44.666321655251565
11.44980491354774,0.2409403678396184,44.719113450636414
11.448630129230848,0.2241787556643544,44.79225563669122
11.438987960270769,0.1820166113147916,45.00853547478658
11.440105308745997,0.1721259214613901,45.04590821274494
11.440034004556084,0.1586583995526496,45.09680721891261
11.439737192483628,0.1448089350628247,45.13548390703919
11.440891246448588,0.133885866751461,45.167152626324366
11.42941510556471,0.0976958818099902,45.27592109312625
11.430288913624588,0.0862062639423193,45.304482608567724
11.429945008131432,0.0722813376993407,45.337849025096745
11.429954237645171,0.0590626462987025,45.36746887578444
11.430869697724026,0.0476563941593806,45.3953181604821
11.422346376287384,0.0173727259711142,45.47572473133741
11.420085592766709,-0.0003859456515939,45.519379141999785
11.41992680023088,-0.0139450201223993,45.55328735572545
11.419992426232726,-0.0270267906993879,45.583433926197756
11.419987447703456,-0.0402810443726036,45.610671943389725
11.42075682822521,-0.052749433055478,45.64413332453022
11.412976724205626,-0.0737662177973703,45.70914811177045
11.40999662268042,-0.0899835370144597,45.755108224987815
11.409927673068738,-0.1032896362521729,45.79439588273301
11.409993950307344,-0.1164605042511812,45.828761836000396
11.410013082161491,-0.1296785205509749,45.857477741337775
11.410636186763048,-0.1422925648037587,45.8996925046814
11.40361166328572,-0.1625542272473428,45.98281878624951
11.399913535036026,-0.1794895195877348,46.04325571677836
11.400497033564845,-0.1921433661167064,46.09446464894926
11.393982422724394,-0.2118934655229942,46.173549018921904
11.38983126814525,-0.229285639830012,46.23279038986923
11.38996721303132,-0.2424197603766593,46.28365128697389
11.389739759698882,-0.2555709262592671,46.32644786921902
11.390587716675135,-0.2688271365115593,46.377329583074605
11.379001767463516,-0.282063407446893,46.45740472599151
11.381295343803044,-0.2953001309896894,46.51245890338696
11.371116965524475,-0.3085373828126219,46.583211226636706
11.370204471308464,-0.3217745235131435,46.64743032928547
11.370001946103704,-0.3350116770144495,46.71362449720705
11.369791836055066,-0.3482487968821672,46.735808287008034
11.368834757343018,-0.3614858538790919,46.78025704928662
11.359034143917937,-0.3747244533345277,46.84338764608144
11.359885036808008,-0.3879557454608608,46.890988055168435
11.359124888626996,-0.4011803413049311,46.93666499145698
11.348688005702757,-0.4146830953124691,47.002479046322144
11.351078315085037,-0.4267319375061724,47.05081107020458
11.339534030655768,-0.4513968559450028,47.15874626027822
11.340027892200984,-0.4638769464828289,47.20725001947771
11.341026698521416,-0.4773474617104813,47.2524501334054
11.32976982647134,-0.4904983949046873,47.324367775418544
11.326414020256172,-0.507732238591796,47.39756383050753
11.320334589409915,-0.5267149103182618,47.46909924963125
11.309769564464611,-0.5505611511300099,47.552203318356035
11.31112100289621,-0.5624493603505556,47.59065503961284
11.302644534628248,-0.5841612790482422,47.661640674585584
11.29998679939768,-0.6000563845255567,47.70724216613425
11.28591090593568,-0.627368167079446,47.799837027065706
11.27918006552906,-0.6473445288389534,47.86021113226697
11.280155255193156,-0.6595956759414481,47.90000112063896
11.2688517748646,-0.6839165647525203,47.98490943624587
11.27098695056027,-0.6966307744305258,48.031646512003675
11.260687059670966,-0.7088165032041989,48.09516889735553
11.249720047644738,-0.7436411842237405,48.22692948782228
11.244911754905958,-0.767056601388667,48.30211368565591
11.230780947298774,-0.7982317986500451,48.429889640608856
11.21756649362768,-0.8378370899946148,48.55937778883458
11.204358304377044,-0.8727864998019683,48.64947106364351
11.19109969931669,-0.8890192097311473,48.71672004000051
11.17775352601466,-0.9021554041964368,48.77108114095532
11.165676691473516,-0.9154323390276796,48.818477033846186
11.142485662737686,-0.928404578316922,48.897402684839975
11.128411902633395,-0.9402449755474452,48.955644100923806
11.114567938610724,-0.9450909540006248,49.00777214713825
11.10251575533915,-0.949756033454058,49.04673523495449
11.077949477443214,-0.9617766512812248,49.138019993891234
11.061701901558225,-0.9745184312468904,49.19795890790312
11.0332171571848,-0.9886506860001668,49.283088621845415
11.01910262776912,-0.9896249989312124,49.32057379019937
11.001175278835666,-0.9943324557168652,49.367473751305795
10.981298154018232,-1.0009664680026251,49.416900133856096
10.967578523935597,-1.0014495510520085,49.45264806978846
10.933439333440374,-1.022351698300815,49.56119597795345
10.923805108992058,-1.0187486155457322,49.59369787682929
10.898911359427911,-1.0304051363517406,49.68465562943083
10.887247828527231,-1.0288362807250362,49.71885351368237
10.865084391338696,-1.0377372069350823,49.78609643638275
10.849435753488091,-1.040149257399813,49.82888560111666
10.82326098749588,-1.0539352397882578,49.91397403587028
10.788922255292876,-1.0668178657214966,50.02659123646455
10.759750274237051,-1.080105842489731,50.1446167173047
10.719860086853098,-1.0933451674313552,50.35477060936661
10.679247886738011,-1.1065787248844554,50.44006849376822
10.650426230694928,-1.119818229505416,50.59866557156073
10.61047493645668,-1.133102536481756,50.80916492221919
10.571664370684069,-1.146001590139102,50.851489451561406
10.530951980408856,-1.1598052940168966,50.93574247174066
10.516666810288925,-1.1618006933900116,51.0013255899687
10.47682751533424,-1.1759212057251407,51.212672377475656
10.431211175116529,-1.1896828780794362,51.349157196153236
10.41327944792621,-1.1920774048324887,51.4266972194092
10.384692242323622,-1.1998074797228249,51.56924885641666
10.3523990803729,-1.209323802333525,51.669475776884326
10.334392915045038,-1.2117087675576936,51.76030167727913
10.304784567029918,-1.2198946409557117,51.91122575106374
10.2731638176361,-1.2290863776477252,52.00237721546304
10.255273378455144,-1.2314130268761776,52.092793033913686
10.224731232062224,-1.2400655278511543,52.25151443463109
10.194512663110968,-1.2485562371458538,52.30436140878906
10.179533732495676,-1.2494271249614035,52.34980106627921
10.154820971847752,-1.255164984751442,52.42158455810572
10.132817216162616,-1.2595480837256332,52.47648728629125
10.097270542119665,-1.2707023184671495,52.58169263728476
10.086022092894025,-1.2697177577737513,52.62003755544539
10.072196007774954,-1.269970340539535,52.663695920098796
10.0591612751509,-1.269800830181353,52.70076554728815
10.041589468574964,-1.2741400713848634,52.7600625752376
10.021956441135783,-1.2805341312819642,52.820815395222624
10.009223920070196,-1.2800296778787636,52.864504243395736
9.996037237316704,-1.279980459516164,52.90670769714396
9.982776272411929,-1.2799978689120517,52.941530789571075
9.969542119782536,-1.2799941051179982,52.96711349281811
9.956305178160584,-1.280212979185194,53.01412723968858
9.943067905875798,-1.2789545454777436,53.08061928888235
9.929830775645136,-1.2901041619647735,53.160956129113615
9.916593628713786,-1.2897136011948156,53.22187264400574
9.903356480283003,-1.2900521358578043,53.28808773547849
9.890119332790198,-1.2899996021011706,53.35427997276474
9.876882187655664,-1.2899985486256431,53.40842300144236
9.863645022053529,-1.2900002983231005,53.42089869593896
9.850407902482432,-1.2899999862803997,53.43330759166592
9.837171194281517,-1.2899997665995588,53.44565230167512
9.823930618604363,-1.2900014894576302,53.45794116207572
9.810700465657389,-1.289997990413884,53.47366321428823
9.79753761630744,-1.2899608412740964,53.50139273937661
9.783649513205855,-1.2902863190237197,53.55054945275863
9.7720297309312,-1.2894776363059268,53.60227873732769
9.735900142966896,-1.3009238564425516,53.78821310602023
9.725013895586022,-1.299748406287593,53.835333749398096
9.711237018878078,-1.300018270795027,53.90060488858588
9.698027581420442,-1.3000044156744115,53.96665867055667
9.684801972099494,-1.299998646530769,53.987632198155445
9.671561880925848,-1.3000001181327168,54.006187146740224
9.658324928481752,-1.3000000199515735,54.019786162960294
9.64508783645953,-1.299999999854947,54.03329093409513
9.631850672847207,-1.2999999787715169,54.04670333904162
9.618613526440964,-1.2999998965717676,54.06003134301076
9.605376379012167,-1.300001319983238,54.073278075368385
9.592139231235064,-1.2999953651436549,54.092430036643954
9.578902083551489,-1.2999845040236284,54.10782420975552
9.565664935861014,-1.3002441697304403,54.14767523260168
9.55242778816889,-1.2990416552924646,54.19648123876631
9.539190640477264,-1.3104436429862112,54.269400101553785
9.525953492785597,-1.3097119897868907,54.32198562388931
9.512716345093915,-1.3100420307931344,54.37343619300571
9.499479197402245,-1.3100015423458604,54.41869451256304
9.48624204971061,-1.3099988094893646,54.4536627270806
9.4730049020187,-1.3099988069079682,54.469414778647234
9.459767754327116,-1.3099992164548553,54.485020801756086
9.446530606642918,-1.3100537441559208,54.51721696994455
9.433293458904869,-1.3097156464851434,54.5676208073246
9.42005631125704,-1.31003530370716,54.61967604254917
9.406819164874335,-1.2989318250871005,54.70597413608613
9.393582008212954,-1.3002842401663006,54.76067794988313
9.380344873644791,-1.2999404263526415,54.80958354464276
9.367107951855823,-1.2974198500169276,54.85581581542159
9.353869083984687,-1.2891704725528186,54.91448188280296
9.340635274105422,-1.2900334842284271,54.96251124954968
9.327436472779118,-1.290059179773003,55.00684512091075
9.313872104167382,-1.2897084363369569,55.047469820599936
9.301416790458967,-1.290495053940056,55.09061849159191
9.276748054474398,-1.2790633129082831,55.195997217147806
9.264696677985471,-1.2802489666840735,55.24975542778525
9.251193270290804,-1.279982733048822,55.31146250346768
9.23796889396212,-1.2799955031470631,55.3775850594347
9.224737585416756,-1.2800013417151224,55.39498635596183
9.211498982945004,-1.2799998870791125,55.41221288100959
9.198261927073156,-1.2799999788898455,55.42510088109608
9.185024807668148,-1.2800000071737117,55.437908627267866
9.171787652093911,-1.2799999992919329,55.45063758945345
9.158550505014174,-1.279999999903808,55.46328917617979
9.145313357456764,-1.2800000000380596,55.47586479562478
9.132076209722724,-1.2799999999956937,55.48836580933542
9.118839062034931,-1.27999999999958,55.500793571218644
9.10560191434388,-1.2800000000002,55.513149365880835
9.092364766651976,-1.2799999999999745,55.52543443788384
9.079127618960326,-1.2799999999999976,55.53765000312903
9.06589047126866,-1.2800000000000011,55.5497972430885
9.05265332357698,-1.2800000000000011,55.561877317938134
9.039416175885306,-1.2800000000000011,55.573891351020784
9.02617902819363,-1.2800000000000011,55.58584349235916
9.012941880501954,-1.2800000000000011,55.59773648767747
8.999704732810278,-1.2800000000000011,55.609573102455904
8.986467585118609,-1.2800000000000047,55.62135593824853
8.973230437426915,-1.279999999999987,55.63308748691302
8.959993289735257,-1.2800000000000011,55.64477017229373
8.946756142044075,-1.2800000000004967,55.656406095568144
8.933518994349084,-1.2799999999971767,55.667997351523084
8.920281846661902,-1.280000000001671,55.67954806125168
8.907044699055989,-1.2800000000874352,55.69106112631471
8.89380755072652,-1.2799999994496325,55.702540177063426
8.880570404207722,-1.280000000622513,55.7139877965107
8.867333271130844,-1.280000015237304,55.72540858672344
8.8540960019012,-1.279999893699392,55.73680314996463
8.840859132915307,-1.2800001724050354,55.74817780235954
8.827624427698586,-1.280002614878736,55.75956989507415
8.814364302971276,-1.279979637854872,55.78127196826165
8.801189812957256,-1.2800422955004365,55.81009881966882
8.788350861866585,-1.2804404918975276,55.84490989852464
8.769292247084925,-1.2746190270146176,55.90754211328121
8.751131767344068,-1.2696956880144032,55.96065268291835
8.738040285221212,-1.2698413214225257,56.00637098000986
8.725990208057476,-1.2710288027145695,56.046437275550026
8.703105220026176,-1.2613794963836913,56.137440898124694
8.68868114349541,-1.2601877288273435,56.19872347549643
8.675176396801744,-1.259995967864148,56.26440433264047
8.662021321657567,-1.2597751631284684,56.29779916039342
8.64877689565,-1.2590734821269507,56.34620469632119
8.635538502903865,-1.2489494746512175,56.4220668742806
8.62230179381642,-1.25011345196282,56.473649858031536
8.609064601348207,-1.249961179000593,56.52156729450438
8.59582744142738,-1.2508784001241366,56.56697607434401
8.582590328509403,-1.24225247032226,56.62875678738879
8.569353199077392,-1.240097898913362,56.68253699861373
8.556114859486675,-1.2399237370309244,56.73865811687559
8.542884139321847,-1.2400066930976372,56.7838724099205
8.529646330501015,-1.2399956754323078,56.82028941967965
8.516197082236983,-1.2402070845819644,56.86684319488223
8.504219837616008,-1.2389476389754126,56.92492584875555
8.479886359474618,-1.250043907890534,57.047877196249004
8.467029989250234,-1.249663388660645,57.09590983388213
8.453112460327366,-1.2503420639926135,57.14265504976569
8.440354434756346,-1.249865064476337,57.18294453254144
8.416034193910319,-1.2609934130235416,57.2759782941458
8.403394152282905,-1.2600674914201768,57.31518310061931
8.391076605492836,-1.2597187279197506,57.350298193163745
8.35491394675583,-1.271180735040339,57.46938561335701
8.346796380970984,-1.2686177602765198,57.49328249724423
8.311685552063652,-1.2795552214623953,57.59362211873419
8.293953455538981,-1.2818026806285143,57.6407500165814
8.261761460612766,-1.291280088266868,57.72527575624167
8.252422556701527,-1.289330969811136,57.75276418603713
8.21706208114331,-1.300392633603046,57.85581095597823
8.193586902335324,-1.305511649084636,57.93278537406435
8.172236003577138,-1.3095685246287303,57.993360330131644
8.137184087292665,-1.3204759088843687,58.12054525346858
8.114659713533916,-1.325119522405192,58.22051582394738
8.092546161922888,-1.3295577226692536,58.27740151761795
8.057279300432226,-1.3405725735243212,58.46214825650573
8.03833748227647,-1.3434249989535587,58.54805595681889
7.993776290465325,-1.3590866692370476,58.776687545085146
7.976845875532364,-1.360932441592306,58.85416848641766
7.945289722877328,-1.3701084894967472,59.01560684413397
7.915770280453858,-1.3781779119361364,59.09874474468819
7.897783331878204,-1.380443653170385,59.1759461726861
7.86436275774931,-1.3943040695189914,59.3391786935634
7.845007725859391,-1.4084062185004278,59.41772030751992
7.82937830642417,-1.410310612430921,59.470570160681184
7.816774730037201,-1.424253436667616,59.5351246881147
7.79546795230746,-1.4370671155849235,59.62911889617978
7.779798442132224,-1.4503435245923146,59.71897280912141
7.759401467968098,-1.4670927061490104,59.80012213302115
7.731778583604834,-1.487556790907277,59.9514580167007
7.719857175852299,-1.5001354019316704,60.0261127657834
7.706479183760839,-1.51373325327115,60.08673802682134
7.6944331223768945,-1.524511533880359,60.15435039472592
7.670264190241744,-1.5596288674955314,60.367532063017
7.657866072407602,-1.571315670700244,60.43203546133916
7.637083150390458,-1.5987384873801265,60.57357521284277
7.620363584127899,-1.629143206844356,60.747072957255774
7.607089102636719,-1.653424144209955,60.7983154598933
7.5942968382278995,-1.6697223489158954,60.90191914038251
7.5802932191796355,-1.7086079708330288,61.10626178126894
7.577888993727202,-1.7266896266463905,61.178167760663314
7.570197996536228,-1.7553544367280232,61.290280743619334
7.560659213396855,-1.78765959767947,61.38451697263807
7.558309667140135,-1.8055966232008789,61.46032155111793
7.549733941822966,-1.8359811412345175,61.60041570529981
7.541768746294098,-1.8651614017549496,61.67423968443757
7.52972392180965,-1.9025561643026825,61.81379648638504
7.525720913417063,-1.9229949108278923,61.91791485174194
7.5117295808889555,-1.972868141348922,62.1103165792998
7.49974555469308,-2.022344210871358,62.26265653618735
7.495083531784241,-2.0496457082796287,62.4011398646866
7.490478439734185,-2.07667540000409,62.431517770949064
7.479548572419267,-2.122704025733737,62.54911607097588
7.475856243073069,-2.1470185299660454,62.6089403763295
7.469264863754626,-2.1800296937558183,62.683820436957845
7.469184128630852,-2.1935090585794037,62.71768152848077
7.458714689070431,-2.23815452674247,62.828085405287766
7.461103414239956,-2.244225497782214,62.844248367450504
7.4495814952426525,-2.292028402094965,62.966150779403925
7.45028282947194,-2.303161566174285,62.99064445203228
7.449958144863158,-2.317372669103081,63.021150971261704
7.449998541870906,-2.330488607883636,63.04781094344896
7.450002564653547,-2.3437170961903675,63.072056557607645
7.4499943919986205,-2.3569593516969647,63.09168774675612
7.449997534096175,-2.370195787637483,63.11160199362343
7.450198589134276,-2.3834326226374696,63.15157439974826
7.448936616889187,-2.3966715599262542,63.20395384740319
7.459939939206608,-2.409906916490547,63.27135147108929
7.459668977946231,-2.4230949943077515,63.323645776358156
7.460345817339126,-2.436672784240578,63.37152146537214
7.45977148472725,-2.4493903260278973,63.415851937643026
7.470978176920889,-2.473791936447052,63.520610871744886
7.470059570765612,-2.4864354975072622,63.563552464328346
7.469639302343166,-2.498599714784035,63.60029403447506
7.481132408394339,-2.5348270030500792,63.7298891786585
7.478711444083098,-2.5432286228029106,63.75455354849398
7.4892751719182815,-2.5775916223637427,63.852935927368286
7.48927752489106,-2.5908310751301293,63.88575628830711
7.495620854007326,-2.616778996418452,63.95352794291117
7.500364684986428,-2.639434593742852,64.0126326703192
7.501258028175878,-2.654063922914222,64.05790805386252
7.51644425425293,-2.703607366207692,64.22212421749204
7.5196541770186816,-2.7274952899969023,64.32533673549656
7.531908530786373,-2.777347808879167,64.58200290273633
7.544868549467294,-2.8305368632411056,64.65993637608635
7.558178607401134,-2.8741894439392386,64.88814492874828
7.571392248496641,-2.925773850410634,65.15439678206751
7.584921974519725,-2.979351187256474,65.23385896487468
7.596941932572419,-3.0237809548361074,65.34500170084472
7.621523993774209,-3.062556984672847,65.56003741581709
7.6376994219887795,-3.092142584414457,65.66711328933427
7.664963614108393,-3.132409229768509,65.86109885662863
7.690789685736428,-3.171274972547394,65.95822052215098
7.714263823969231,-3.1908111415190774,66.10331329865026
7.762519069151564,-3.2251191847674345,66.29437600526624
7.801294925433288,-3.250744073618664,66.41654369565238
7.830301811462546,-3.266520520301468,66.5466560309451
7.870970469900499,-3.2939483072564397,66.79193149085795
7.9106117402317135,-3.3203529349186827,66.86493386691741
7.939191542246972,-3.335695614683859,66.93700805648173
7.981532844222366,-3.3647997495985376,67.04764690390653
8.009923897453122,-3.379953658051189,67.10957983263727
8.046777940597474,-3.403570553581879,67.19137194769945
8.079669919258206,-3.4232253844510634,67.25549294828404
8.10921897858003,-3.4395372960977983,67.31592101976858
8.146267759651353,-3.463348929477545,67.40237620697674
8.178740965376852,-3.48258498751086,67.47172540787383
8.208536473779427,-3.499143348221855,67.53318058503206
8.245734774982752,-3.523104501733501,67.62237418885546
8.277707436050337,-3.541840015109408,67.69728692141939
8.308051290668582,-3.55894672203598,67.75880278965509
8.347835274876674,-3.5854935585523933,67.85922583666874
8.38067634931697,-3.605097485301018,67.94896004006655
8.41686936809605,-3.6280533563884223,68.04872870907202
8.44568485678643,-3.643631697387125,68.14833431368379
8.480506456673412,-3.665216149582436,68.29508046189856
8.51602545843456,-3.6874980036519114,68.3781491765263
8.544823648732438,-3.7030590462581134,68.51828759097499
8.58000318916348,-3.7250014389974737,68.72556965419551
8.615186238631852,-3.746947340774176,68.77020926489946
8.64398264991945,-3.7625066043701008,68.90209454949489
8.67952329952591,-3.7848101062849047,69.11191213565695
8.714245676339713,-3.80629533540697,69.19213675074758
8.742841877663968,-3.821654389039425,69.31204392551366
8.784576376393586,-3.850151740079976,69.54486736910852
8.814664163023783,-3.867002379006799,69.64607808010133
8.85212064834465,-3.8912217166215335,69.75783750619956
8.882206252207963,-3.908070173265626,69.8336312444118
8.914285757590195,-3.9269125286148014,69.904273284586
8.951472298476768,-3.95086192068303,70.00016759166641
8.981269302009848,-3.967421861364171,70.08363640333417
9.013741057986952,-3.9866560065198655,70.16273482553514
9.050791128956076,-4.010469014299151,70.26212942826008
9.080257615829806,-4.026713430445097,70.3534731228916
9.11365783579278,-4.046785834139396,70.45130083075298
9.150117195261815,-4.070078250007345,70.55556244695549
9.183747822252537,-4.093470007054554,70.67437476641203
9.208017082415209,-4.11225919633509,70.79010946306038
9.24926472534714,-4.139510481951472,71.03728519459617
9.289370368802029,-4.166518004061343,71.13162506701785
9.323840145049756,-4.186693262287987,71.26514320365688
9.339601373318908,-4.199610730743494,71.36708644562256
9.355176963730209,-4.217603763240023,71.47004875658976
9.376227198174156,-4.2462589358824925,71.58975365248507
9.397713214791372,-4.276712032821424,71.67981031437675
9.435691390442312,-4.328023469988652,71.81447016556803
9.461057143851582,-4.366717700513606,71.94739244448292
9.48777272371555,-4.406650549378355,72.03950197537081
9.514236620906257,-4.446352450996828,72.10380744784538
9.540705432303762,-4.486058861250456,72.15023846583549
9.56718105135666,-4.525771520947126,72.19565550774634
9.593655278083965,-4.5654829105795045,72.24011300014607
9.620129437946778,-4.605194109243271,72.28367975035049
9.646604124644552,-4.64490633521989,72.32648820371209
9.673079729507572,-4.684620425258476,72.36868058129318
9.699533920073955,-4.7242912377850015,72.41038874238514
9.726087713555495,-4.764163341943279,72.45213077146106
9.75274661799361,-4.804247869401102,72.49435417573052
9.774633153589836,-4.834706639118567,72.56225263654795
9.794770160176354,-4.862082311799114,72.61626214594583
9.821331889746828,-4.902457026225473,72.70821812296974
9.833946952704656,-4.923870951154589,72.76022056461657
9.847657177838256,-4.945527156431263,72.81181482192278
9.86102295270222,-4.961300261698069,72.8587209990191
9.888707610725016,-5.002686178902639,72.96548052379002
9.90759895064662,-5.0358009118043565,73.04234482662892
9.92039682609586,-5.0506272401380965,73.08761288538172
9.93360682494102,-5.073905506865238,73.15298197220744
9.946861701679484,-5.094119548226731,73.20709670991229
9.960096298701826,-5.11014467264144,73.25784797018841
9.973333354163374,-5.133893237482386,73.3293537575795
9.986570584631506,-5.152445298155776,73.3850278247699
9.999807728473812,-5.179582885648399,73.4648825450262
10.013045116806271,-5.202535203993932,73.52766788494021
10.026280531865416,-5.229331432664043,73.59495131307054
10.039520612271987,-5.2494865160895845,73.65538673654103
10.052799020438975,-5.276085528255203,73.7262131958011
10.065705082220155,-5.30048606102795,73.78351040620285
10.079655653747414,-5.338420793801914,73.88267913211158
10.08150495149538,-5.355255960426726,73.9310476201728
10.095926827707297,-5.398841104533968,74.05555673569049
10.108966904119582,-5.427263937364156,74.13579841441206
10.122636369550102,-5.480534946131993,74.29586667060474
10.12992595570377,-5.515012080453662,74.39857810849986
10.138381904570643,-5.553948616580897,74.4763249165767
10.151824355591748,-5.608589960662421,74.65484416066323
10.165205946171715,-5.676139525801027,74.99911404229626
10.17819794601878,-5.7411434608871055,75.06506335602236
10.190569821958556,-5.803902438580391,75.14633380173895
10.19004936949043,-5.814771034754404,75.1810077838346
10.189172187250454,-5.82561998856194,75.2130077243356
10.200637551844476,-5.873247742932714,75.37279666146465
10.19997115303032,-5.884209774513806,75.41891922297314
10.199118486336657,-5.896058832622208,75.45802056873113
10.210542162508125,-5.9321122510164965,75.6413140045791
10.209713947707913,-5.943686049582766,75.68497542309377
10.210033693773132,-5.95757686748375,75.73402756987169
10.209992129679344,-5.970740668998998,75.77451590601903
10.210225746750869,-5.983970568545606,75.81257152566327
10.20898586459994,-5.997211162129943,75.8582075873003
10.220262751796463,-6.010447874776846,75.92540001916441
10.219696056265354,-6.023684998765098,75.98359652751023
10.220122989862832,-6.036922131014272,76.0340828711812
10.220028306000843,-6.050159293696884,76.07849233903914
10.2168643426859,-6.063397466515909,76.13263564213429
10.20927752728751,-6.076628097892662,76.18806847561716
10.210004468162593,-6.0898722889226935,76.23577905156978
10.209839823739795,-6.1032882446452685,76.2796364440348
10.211073205201762,-6.115267778192129,76.32305912043714
10.20028327856645,-6.139299017879297,76.42892109468232
10.20026125468518,-6.152558243291233,76.4831189517787
10.20001718424603,-6.166038887951514,76.52859392472783
10.199896275465994,-6.179397893243346,76.56646904455462
10.197802010198568,-6.194739017877433,76.63066165079918
10.18918076276888,-6.216511961924384,76.71885677578594
10.189913502654449,-6.229229955709625,76.76201894016113
10.188161068600513,-6.245937826138448,76.81594059245073
10.178771734405789,-6.27793105314645,76.92612142750897
10.18071499567172,-6.287286882659451,76.96469299719024
10.169191248513435,-6.323571254724907,77.11327382772873
10.169988726318048,-6.335213335997878,77.16314115983555
10.170705337099337,-6.347017290501336,77.1979063583585
10.15912511158763,-6.383414887319951,77.31725467185115
10.161336460617184,-6.392229336418927,77.34118980202967
10.151266938510846,-6.425605528474149,77.43116049356712
10.149137606060082,-6.443101341047797,77.47645125346178
10.138607730088324,-6.477398240805401,77.56447044858899
10.141101494368646,-6.485647859412747,77.58867880380673
10.129675776905987,-6.52173644108923,77.69239014380986
10.125817641758196,-6.542689881858433,77.75864067675707
10.120456116460389,-6.566649974281459,77.8268165947137
10.10964730707119,-6.601504638726583,77.94375044762288
10.10712165601504,-6.6197972054294585,78.02163345376123
10.092556212706723,-6.6621441432014805,78.24554318639451
10.079482465715676,-6.701523653090399,78.33414685057633
10.066274647463738,-6.741913145131203,78.40345386622872
10.05293340330296,-6.774266932141368,78.50752168260486
10.03973547540176,-6.80033694301531,78.58280504734985
10.029959573990284,-6.813217530879724,78.62884001665347
10.022878663145953,-6.82673608142885,78.6728871808201
10.02003183589317,-6.839934157383532,78.71298353829206
10.009407240394458,-6.853301893918951,78.76417814994356
10.004426656399655,-6.865635309283771,78.80145872065557
9.990336095865308,-6.889184949718665,78.87470566025424
9.977084395521048,-6.913201524353099,78.93906646376365
9.96396249027075,-6.931038030793466,79.00043512047644
9.950545726267665,-6.959226719328113,79.09514850473131
9.935150669865784,-6.976914840654245,79.17882284524877
9.913285766116816,-7.007643100720971,79.30708059017597
9.900980158923096,-7.0189690942444125,79.38489597178396
9.887712739318689,-7.032268350837558,79.47880745705716
9.874452793054544,-7.045552244509718,79.4964624329887
9.861220829139064,-7.0587788357005685,79.51885294805784
9.847983729711215,-7.072016345438738,79.5368708325622
9.83474312477543,-7.085255396878356,79.55473803956205
9.821516894942954,-7.098487038373969,79.57245621140545
9.80832614443102,-7.111700974212035,79.59589345254147
9.79446767434525,-7.1252489986202505,79.6485263994584
9.783514187355824,-7.137343526681635,79.71004531631698
9.747628502933244,-7.161902567557372,79.90823114858097
9.728090844195329,-7.17832952403092,80.01519446837887
9.686258033847675,-7.205702217046156,80.26515602340159
9.647427423967825,-7.231405167603143,80.35268239780056
9.617295627582456,-7.248387953513148,80.50501177287968
9.583772008751817,-7.26834806610269,80.61236210502716
9.55715776050316,-7.281356591467088,80.73506536264406
9.50572812674867,-7.309086745479044,80.90499623874628
9.47509034544058,-7.327778853556602,81.02516811875793
9.448890293538712,-7.340619785018294,81.17106360787993
9.420422106458128,-7.352977909391771,81.32624017592876
9.370521904837885,-7.374410771112899,81.42897028686725
9.339494480772748,-7.390239287988643,81.6031712121559
9.313640995962674,-7.403599493541688,81.66579773058706
9.279156555794748,-7.416746152941478,81.84475981743267
9.25000806030023,-7.429996792934976,81.94590503371256
9.21314936823306,-7.443234608364373,82.0819303205044
9.180258535414085,-7.456469412188627,82.17368414704795
9.15071158183815,-7.469709210495266,82.26227128113452
9.113413114746036,-7.482994655290204,82.39560038361138
9.082873908459224,-7.495871297530848,82.4840196628622
9.041090698634536,-7.509777180932697,82.61257924791416
9.02525632438952,-7.512276744650149,82.66966719732338
9.004295904141804,-7.51976557554121,82.75915455284357
8.981411365978657,-7.529459797810318,82.83940703383915
8.96573976073572,-7.531892917290807,82.90510253646542
8.94454292842172,-7.539851301898562,82.98962392341687
8.921922964393518,-7.549234724931626,83.06324738781294
8.906335552686125,-7.551587165825254,83.12684207802211
8.884639019233719,-7.560022733632555,83.22463174199171
8.862762700272581,-7.56873724465097,83.28689829055055
8.849239983893336,-7.569367528629391,83.35464114047724
8.824287801643093,-7.5753806817364335,83.46334809402985
8.802608897534784,-7.579559106908951,83.53400090651886
8.766942389911984,-7.590776969825143,83.67878919765796
8.755992361338217,-7.589634166141883,83.73257519465218
8.741490297748397,-7.590266339151945,83.80515186343199
8.726941321311758,-7.590922149841331,83.82909643824858
8.693455163365263,-7.601049234691791,83.91448682310507
8.682520949587351,-7.599886307303364,83.93879524600844
8.66894917048642,-7.600038604117463,83.96795445397431
8.658486555316918,-7.599118775849038,83.98990335229382
8.61933145225464,-7.607755999658234,84.07522744946918
8.59955741933476,-7.60993520651312,84.1142334149868
8.588379786987469,-7.609248722828439,84.13750590160012
8.550654646262503,-7.61741137616029,84.21607163067296
8.529833015694011,-7.619939538563544,84.25644722783414
8.515556758163696,-7.620285908596725,84.28446736510695
8.50639750915043,-7.6189266089643075,84.30336143463424
8.45982997097765,-7.630036739144262,84.39946739261217
8.446983471735768,-7.6299065234524415,84.4231696085185
8.436514692968236,-7.628983730798946,84.4421908309308
8.390685270092101,-7.639847826323208,84.52932379690063
8.377972924448843,-7.639672971780924,84.55150630126623
8.362707219420697,-7.640348578014619,84.57750749940931
8.351426662982464,-7.63969739649077,84.59732106919671
8.304437425017804,-7.650961679196025,84.68366089484866
8.293576210996994,-7.650059100431568,84.70322019167614
8.282549820168642,-7.649566763061294,84.7227941260223
8.223864538552723,-7.66092728772519,84.83178872083334
8.214193657990107,-7.660034083365945,84.8514776106042
8.203262880454043,-7.659458061557207,84.87352197477583
8.143759932040984,-7.671026093037613,84.9997845246183
8.13976032283149,-7.668699901386249,85.01103352688654
8.085718413441983,-7.678952703937148,85.14594157434784
8.070175292713914,-7.679782541427063,85.1791367346159
8.03930467785496,-7.680069977782569,85.24153985570506
8.01066408170823,-7.679993500673154,85.29207123856115
7.998278738301758,-7.679998993735944,85.31095348629383
7.985255068815331,-7.680000398461098,85.32650671692123
7.97195355062817,-7.679999875165727,85.3389727347402
7.958720836000387,-7.679999642963827,85.35131852968624
7.945505467849996,-7.680004844838828,85.36729654741937
7.93217757112499,-7.679982240873815,85.39483117246988
7.918805507186795,-7.679948503477445,85.41559952581736
7.90934643119701,-7.68089302030438,85.45414573968694
7.861320518737946,-7.672195829543498,85.64794423690121
7.839719706836133,-7.670104913432707,85.71028580205152
7.825753565950508,-7.669922665547856,85.75643803197536
7.812872694912569,-7.670011732496951,85.79368260315678
7.799589927847288,-7.670000327619701,85.82693501025393
7.786350741341623,-7.669999892519959,85.85137420168586
7.77311023143387,-7.669998616660842,85.86599712602971
7.759875939244319,-7.669999590600915,85.88051090943264
7.746796633738258,-7.670052205522079,85.91552432625843
7.732543500533447,-7.669713542879663,85.98375261566952
7.720472045014082,-7.670102107065063,86.04189033944475
7.673801287496568,-7.658957570488024,86.27598633062345
7.664269145199606,-7.660192572072156,86.30609442100366
7.650492590312458,-7.660012770020454,86.35053420686025
7.638968545742538,-7.660583809449514,86.38654125929502
7.605618381447146,-7.653879430437123,86.5021625223429
7.579990030577287,-7.649749114217825,86.57179974094898
7.560849346656086,-7.647782120735465,86.6329379477908
7.521579509515911,-7.639096944079133,86.7794592091341
7.511266551695089,-7.640091120792122,86.82176322754168
7.498764231879219,-7.640476457156669,86.86769676932725
7.473645135600032,-7.6345456851017985,86.97515283547797
7.450443140083733,-7.629563107371646,87.04530571686905
7.434855618137442,-7.628400776300496,87.11403865196819
7.402637818896808,-7.618759106304584,87.24629281754844
7.39253694531549,-7.620841975392937,87.2795843581509
7.367638754247052,-7.60925475317245,87.36695040889656
7.355397470882226,-7.610249401555907,87.4015448744384
7.341868551072144,-7.610031182159928,87.4391569964297
7.328651603606195,-7.610260854436816,87.47351159810486
7.315490208414969,-7.605568107903114,87.51447386087591
7.301949194459498,-7.599296427220661,87.55928444394378
7.288192383069193,-7.599192505381803,87.60508992322859
7.264261399660091,-7.588765108857724,87.6986203858613
7.254151728536629,-7.590898116511712,87.74335015990142
7.217563299712319,-7.579148384524033,87.92679445744254
7.17762332752468,-7.56621957998244,88.020849867822
7.144240628221846,-7.55202819606262,88.20256236299592
7.129567829933263,-7.550143249315697,88.26430912454795
7.116243178850327,-7.546503994077553,88.31890044439636
7.1030643440444425,-7.539075613771052,88.38133742769266
7.089816760774029,-7.539872875233327,88.43257407032507
7.076362511764925,-7.528737364956265,88.49665908188486
7.064491034096507,-7.531335825059892,88.5453190935082
7.040149757827527,-7.520046989029475,88.64359614747974
7.024001092870778,-7.517305139274041,88.69429534908414
7.004599150399551,-7.509936384756471,88.75398100645413
6.97121637926203,-7.500527808359012,88.84358575545156
6.948345377045191,-7.489701881637216,88.90219154110761
6.916507930837662,-7.4851035829742205,88.97196835857052
6.880468483458509,-7.470162352544071,89.05034578613675
6.860733679441614,-7.466187915221495,89.08783527969537
6.787524359160598,-7.443082483792064,89.22399061681051
6.75191182110615,-7.431031186534197,89.29973657817497
6.712464888335189,-7.417743799790956,89.35684417779377
6.678422154479149,-7.404569011816639,89.47227112693811
6.652378551969138,-7.39107562819886,89.59770608716163
6.624309862554279,-7.376278744964402,89.67740750734167
6.589617703584077,-7.354838518605443,89.88132186812139
6.55437605622504,-7.332830270853988,89.92582846802927
6.526742582999896,-7.318434190759826,89.96625173547991
6.50111205318448,-7.306040880164656,90.00175136296862
6.465005000708976,-7.283170954659782,90.05760085124805
6.436592666366467,-7.267995768369629,90.09798601579864
6.394826200914354,-7.239466472616596,90.16288969496208
6.364630729936254,-7.222508059119228,90.20541997587011
6.326502388203339,-7.197616696052364,90.25980202046428
6.287060208740305,-7.171415619000782,90.31194369000293
6.247065363123648,-7.144639711446589,90.35999636442605
6.207151425066614,-7.117944073902373,90.40069131422985
6.151475007453476,-7.076220072004908,90.50292386387632
6.121356196950684,-7.051814997471234,90.55735489793975
6.109411210351693,-7.039428748215014,90.58394806656675
6.096273318823188,-7.026256961502082,90.61153591880688
6.082980574736746,-7.01298320313993,90.63702042604805
6.069750994752683,-6.999751038844016,90.65813206496087
6.056514221949994,-6.986514137986524,90.67458113875765
6.043276783869606,-6.9732767992763005,90.69113068768385
6.030039680996884,-6.960039680911114,90.70779410470358
6.016802571134294,-6.946802552313934,90.7245803127137
6.003565171986443,-6.933565278657957,90.74149431399579
5.990328383114333,-6.920328310415421,90.75853821628874
5.977097573481087,-6.90709433175317,90.77570988002752
5.963812465269816,-6.893833203800491,90.80028868317508
5.9506671021223045,-6.880641948381113,90.83345083746012
5.938506948475526,-6.867943297711886,90.88191963884108
5.912122862266143,-6.848132680761356,90.99624354069691
5.8905564164793365,-6.830730884022115,91.08937111947516
5.877533213436193,-6.817600708654705,91.1818434511145
5.864466709452378,-6.804448882816965,91.21517402272332
5.851191466626078,-6.791192687557974,91.30894994338928
5.837956112002663,-6.777956436400423,91.3275862247346
5.824719805335787,-6.764719709221154,91.34317853986582
5.811482449398843,-6.751482457406842,91.35867140665584
5.798245314673002,-6.738245316198077,91.37406566752027
5.785008171059742,-6.725008170545612,91.38936352284169
5.771771022239184,-6.711771022289501,91.40456695454547
5.758533874634219,-6.698533874641175,91.41967795637088
5.745296726961927,-6.6852967269592,91.43469852550326
5.732059579264165,-6.672059579264465,91.4496306560102
5.718822431573015,-6.658822431572995,91.46447635562276
5.70558528388217,-6.645585283882843,91.47923799033148
5.692348136187109,-6.632348136184483,91.49391714335454
5.679110988491379,-6.6191109884847545,91.50851560830473
5.665873840934653,-6.605873841061408,91.52303524904787
5.652636692572004,-6.592636692035509,91.53747783084309
5.63939954457369,-6.579399543734086,91.5518461123235
5.626162421105123,-6.566162444209803,91.56614136495786
5.612925140743533,-6.552925032705376,91.58036558501071
5.599688020104756,-6.539687938808116,91.5945204688683
5.586455175506815,-6.526459347773816,91.60860163329805
5.573192063261137,-6.513170569835085,91.62731339802566
5.5599755190616325,-6.499974391974465,91.64807030671173
5.54749395266464,-6.488239709871678,91.67266253881427
5.526479251938442,-6.459505402613864,91.72592854632565
5.51037227013652,-6.440451818847105,91.76250117835268
5.485559805997257,-6.402294535056395,91.83129174290677
5.476263907925956,-6.3801165784981055,91.8695710565799
5.4412215463587135,-6.331773239887376,91.96762483187374
5.425342018766516,-6.3026571844865344,92.02677812549821
5.404161069368017,-6.268240886372505,92.10285848898418
5.381501576081133,-6.232343889239074,92.18878326295007
5.367918001559383,-6.205523176751985,92.28864639327347
5.354012558495152,-6.178380595007434,92.34733084963946
5.341718762764041,-6.152849649616497,92.4255970789307
5.317003544997442,-6.114897284244121,92.59421779086844
5.304913445902946,-6.089570037502449,92.6738052739709
5.291399115490291,-6.062818559387525,92.74420251351967
5.278180037902013,-6.036362334109068,92.79913864052472
5.264927074856052,-6.009872223360718,92.8312885599263
5.251764275102831,-5.983472275954528,92.87320472407177
5.238782799344053,-5.957253652634709,92.93093474323258
5.220510095822496,-5.92574379940107,93.11299834660836
5.201577045797608,-5.893573609703422,93.19222210723667
5.188714439102403,-5.867473873666764,93.31732031999616
5.175542535398284,-5.841064452159673,93.38726314836808
5.162282605427111,-5.814569005464946,93.43220511027425
5.149047774123348,-5.788099287986288,93.4625405230617
5.135811012133447,-5.761558169498468,93.50610517870102
5.122573297925774,-5.735410449389192,93.6156300180737
5.10933589120682,-5.709139195423923,93.66688451404816
5.096115217596696,-5.6932933676314725,93.7701954761057
5.082789727252932,-5.6654809694411,93.92037367360078
5.06955842576963,-5.639174374154322,94.00376145462681
5.059725790808775,-5.6163279390561005,94.10513979972096
5.05403356771396,-5.596130829669669,94.19714121665852
5.039957037835569,-5.579924604655581,94.2875106961492
5.040979206202264,-5.56737068475331,94.33206894646179
5.03283483066358,-5.546326493421676,94.40629524929356
5.030098054939986,-5.5303000211665445,94.4543369577796
5.019574486536703,-5.506571708936235,94.52637084039345
5.01353286411886,-5.487055200795899,94.57968573677928
5.010107948167702,-5.470802004222929,94.62081867113626
4.996378416118111,-5.430046514946481,94.72492154167824
4.99018240170914,-5.4046476867187625,94.79692876618273
4.981009037680574,-5.372374672512938,94.87759466220321
4.969204622279529,-5.347018583750856,94.95992916499333
4.970952126968841,-5.335188754787263,95.00183338566272
4.961343020661071,-5.3124149182546585,95.09321575679634
4.949368831720461,-5.287198500735235,95.17722404490127
4.949887463755482,-5.27450073936218,95.22905463593598
4.950703062819416,-5.262011513076253,95.27162907004632
4.939554133229231,-5.237281273236377,95.39012494468128
4.935132625101938,-5.225148938314339,95.43737721829207
4.929621407544103,-5.21161952132066,95.48569402714337
4.92984853983627,-5.198397604992762,95.53926980922023
4.931075993523633,-5.185243521460537,95.58689445424439
4.921352477879816,-5.171703426142225,95.65698878414373
4.919171710765545,-5.157688751009426,95.7126604572957
4.908948246586226,-5.134555338938526,95.80481665152709
4.909871913067351,-5.121821363718174,95.85940350146026
4.909208735276971,-5.10739064281613,95.92081199329742
4.899829085077281,-5.07541225765174,96.07695130004585
4.892294368496023,-5.047098536624242,96.16171294547358
4.890079433833042,-5.029432324201343,96.23866452488363
4.890763594117869,-5.017563575645905,96.2949665837546
4.882487306993228,-4.987773816073137,96.44861879363341
4.880069646805174,-4.9697013527743135,96.51366410663626
4.879907010244663,-4.956138932280512,96.56747719662056
4.880088121757423,-4.943264007417609,96.61068647336991
4.880026146221171,-4.929902908681207,96.65098438657925
4.876877535335845,-4.910368539220018,96.7255474725098
4.869270140755296,-4.881916602366223,96.82526330949044
4.870006364559304,-4.870151902282723,96.8765975627119
4.870007261518252,-4.856916548508947,96.93997579787136
4.870073251146463,-4.843811380073685,96.97228862807759
4.869932739865986,-4.830293209821065,97.01061249857887
4.867514860151067,-4.812220302699547,97.07284525966939
4.859153811444232,-4.7822610575942015,97.16793079876896
4.860038251613732,-4.770792790241531,97.19865140064566
4.860057584473251,-4.757594308268894,97.23215095446751
4.859709300665026,-4.743660592960769,97.26508205753962
4.860531164727656,-4.73206717339435,97.29491133547947
4.849080607445705,-4.695928911138774,97.39553368816887
4.850250923157665,-4.685032394871023,97.42119545459512
4.849984745813172,-4.671262892490359,97.45261107963935
4.8500248517232425,-4.658105956618824,97.48081933172017
4.849726856982313,-4.6442728194452965,97.51037359548779
4.850746366083756,-4.633074689956512,97.53652480607258
4.839230386889776,-4.596805583876867,97.6283715547913
4.840272832931907,-4.585653328269464,97.65606387297828
4.839970826193367,-4.571812167100704,97.68939191639186
4.839991234432619,-4.558615835887533,97.71910725159397
4.840069851419402,-4.5455359221694245,97.745334550771
4.83975770427327,-4.5316744801854885,97.78086446270464
4.839198061499102,-4.517318046945475,97.81482583319695
4.828936077398096,-4.48355693105179,97.912324814049
4.830140430366816,-4.472728489297554,97.94470481995673
4.830008411910294,-4.459227304692833,97.98277050327566
4.829993271480534,-4.445959876141643,98.01592909086976
4.830006009115403,-4.432748203719703,98.04247657515153
4.830006626976685,-4.419512291750596,98.06306314766144
4.829784614599296,-4.405831119304141,98.1060331609156
4.831041410217322,-4.395107562848519,98.15130925105002
4.819870249856637,-4.359528094435474,98.30161086479116
4.82028693572053,-4.347124318471581,98.35096956519143
4.819948413796359,-4.3332101269315615,98.4080474516025
4.820000269738953,-4.320076691125077,98.46552311852764
4.820004982755803,-4.306848969467106,98.50366995181226
4.819979016869288,-4.293559890002401,98.53268537203536
4.8200155745859785,-4.280395857744107,98.56663869688283
4.820620729231921,-4.268369019344323,98.61566749286281
4.813697343844646,-4.2412851008780965,98.75500942669117
4.809877765183716,-4.220408795864556,98.82859464562156
4.809929272403975,-4.207274662613402,98.88594090891735
4.81001705443329,-4.194213078980363,98.9242089669491
4.809999010801723,-4.180939844025552,98.99057523715108
4.809998979636157,-4.167702634002747,99.01946323377967
4.810005528134981,-4.154478583308714,99.03789115559438
4.809988019002399,-4.141206417351869,99.06285204160325
4.8098869562749496,-4.127767144205309,99.09939375057319
4.811030651829897,-4.116817387623465,99.14848471230314
4.801190657247672,-4.083900250767533,99.32023912023415
4.800211322077628,-4.068704432736565,99.39437588262504
4.799927491848772,-4.054899624576418,99.46342297839207
4.800007228872035,-4.041821950970997,99.52881941862522
4.800000960473978,-4.028572266601266,99.57733590713885
4.799999617366035,-4.01533243071076,99.59676181555463
4.800000037559846,-4.002096131572282,99.61074782587482
4.799999981843845,-3.988858888455973,99.62463242166966
4.800000337814991,-3.9756220905308535,99.63841635306346
4.799998687689255,-3.962383294996664,99.65210429745184
4.799996857855524,-3.949144317227845,99.66569640749161
4.80006241858054,-3.935972730233612,99.70124686687981
4.799732399331615,-3.922405563305091,99.7596537162838
4.799608837303198,-3.909044853583543,99.8058470485025
4.788921775354543,-3.8851206439430985,99.93680904527477
4.790172040910493,-3.873133761807436,99.9899892303585
4.790003452995515,-3.859728026200776,100.05180931157545
4.789979874453168,-3.846467299966752,100.09667842588225
4.790077069987417,-3.833327347809325,100.13627272609476
4.789997773787976,-3.820010903918213,100.17972855225693
4.78705997473878,-3.80383595717734,100.25709826305014
4.779236061068259,-3.7827748958151446,100.34769493618316
4.780014415281359,-3.7703161023365688,100.4004735770441
4.780019856801447,-3.757084396164986,100.44885777702437
4.779995770143968,-3.743823161815829,100.48274265851543
4.780000148930272,-3.730590392910459,100.51617231248574
4.780000042155196,-3.717353138443709,100.534585167128
4.780000373801263,-3.704116322398102,100.54787602103421
4.779999344455378,-3.6908781453605393,100.56108093105026
4.779990316345211,-3.6776319695587,100.57819091612069
4.780076008898556,-3.6644805144203687,100.60687557172008
4.779839814471513,-3.6510071723016537,100.64174643683548
4.778282297912272,-3.636212508050738,100.68491458443502
4.769034455428562,-3.6137275178753514,100.75803945234566
4.770079142892199,-3.6015350576473093,100.79120060730617
4.770015526675634,-3.588234293739074,100.82535884622071
4.769994831495117,-3.574976450866883,100.85440829908018
4.770000498950926,-3.5617449706310165,100.87870152256585
4.77000007111222,-3.548507395100636,100.89648549711995
4.769999972545369,-3.5352701488421108,100.90934975135148
4.77000000305568,-3.522033031660751,100.92214542951498
4.770000000345737,-3.508795881259127,100.93487707038913
4.769999999380817,-3.495558732602534,100.94754922134697
4.770000001807768,-3.482321587337813,100.96016677981636
4.770000004694703,-3.469084442533081,100.97273515743343
4.769999912685398,-3.455847202831924,100.98526148495138
4.770000366096598,-3.4426105085523115,100.99775358000875
4.770000602771924,-3.429373597536417,101.01025019502525
4.769984071591862,-3.4161199186331395,101.0313629583219
4.770073813348079,-3.4029725128688995,101.06420390214726
4.770060683723363,-3.389722235527456,101.09623668104952
4.7666639261766495,-3.3730883246808308,101.15249854724999
4.7593099712826845,-3.35249725563258,101.22002111900721
4.759997751823667,-3.3399478636005764,101.2645029860628
4.760019453623817,-3.3267314318442285,101.31355141293434
4.760001653912157,-3.313482992423916,101.34708168852606
4.759997266422994,-3.300233140158051,101.37017297985483
4.759826257877885,-3.2866539305866898,101.41410131154645
4.7610780606635945,-3.275920512974258,101.46606527576462
4.750363665858744,-3.241254553489684,101.64747731492253
4.750268212284018,-3.227826498826385,101.70018538017943
4.749943591707124,-3.2139401106123278,101.74489614229253
4.749994402894439,-3.20080458517139,101.79454548565474
4.749862552704846,-3.1873037371037185,101.83717568852774
4.751062016615579,-3.176465517236677,101.88498668557366
4.740824412109669,-3.1427531605325,102.04242279268297
4.740242862290836,-3.1283529132032037,102.09611904056759
4.739911272190591,-3.1144525853108416,102.13932533071225
4.740054409588447,-3.1015017124155406,102.18765703553612
4.740385353206412,-3.0889264519630224,102.22737631770835
4.734903711119761,-3.0647260200578543,102.33256055521852
4.729652204010636,-3.040985858288874,102.39410057297471
4.729940902731618,-3.028326108529709,102.45619776997047
4.7300900455855,-3.015387239114105,102.50113317241903
4.729767921273504,-3.0015058720012515,102.56364614456444
4.72903510332395,-2.9868031578940304,102.61895257399453
4.7189469522511,-2.953388345607859,102.79368360558298
4.720133352394361,-2.942529946124033,102.84521877252216
4.720023363398317,-2.929081526044641,102.91223944979
4.719760512351888,-2.915071063043335,102.94592394287118
4.720959951480912,-2.905427252137807,102.96867664178743
4.7095766292124335,-2.8580417267554274,103.07981535794237
4.7111756784301,-2.8495538746517752,103.09826988538795
4.702255564324533,-2.8098110665136264,103.18697964870812
4.6998492609211,-2.789353851449908,103.23663743739553
4.686001570400405,-2.748510888831237,103.34957812552733
4.673457782951596,-2.708941764323468,103.43949862978091
4.659960708582544,-2.6798631331678866,103.53671860909918
4.657677332995155,-2.664260972054292,103.59265880035007
4.643419260425004,-2.636865654151263,103.70526716112074
4.6301009779710025,-2.61026818245138,103.78440363398346
4.630935712312498,-2.5971636015545663,103.84489341758287
4.623149164360127,-2.583659874215382,103.9085274768675
4.620183569305103,-2.5704611388080263,103.95848680702602
4.608789465029483,-2.557093622264773,104.02806333150842
4.611092532287936,-2.544892921257077,104.08286965824877
4.60085496694113,-2.52153917845917,104.20240624124692
4.587578088710265,-2.4935314578469487,104.30548632645267
4.574169102521873,-2.451391070220972,104.52700598100934
4.56122763902586,-2.422698526382364,104.63840574328204
4.550113738731193,-2.3873401451229164,104.78825151103862
4.540006639143266,-2.3600325884721887,104.87362328343652
4.520982126425265,-2.313853303239549,104.99675288663327
4.507938880135034,-2.276670741752969,105.09036391575158
4.495617039807021,-2.2653023575981006,105.14226462866215
4.473684235214227,-2.251578130305825,105.21687493176101
4.447992316850788,-2.2383746800937274,105.29128884933345
4.432354672729291,-2.225146512521478,105.35208475534641
4.39503136755563,-2.2119067421850147,105.48111105141375
4.366442409626222,-2.19866983421378,105.58439446847619
4.330294390023093,-2.1854323592228475,105.72186018341256
4.297809748065452,-2.1721967748025666,105.83529101335607
4.2457717693547234,-2.158962232612465,106.1037626078348
4.192732965657472,-2.1456577994285397,106.19497806572095
4.140693968012945,-2.132738332507502,106.26507791171112
4.088564885618732,-2.1197727407993767,106.31811203338773
4.067987767503132,-2.1173259213374878,106.383469980584
4.00741535547632,-2.10154757627895,106.5623269432821
3.988757427500177,-2.0997406399365737,106.60571496263891
3.942271419559938,-2.088657685892292,106.71970308392615
3.936695216342548,-2.091211334235652,106.73524237526975
3.889481272452036,-2.079885735551837,106.85856149017094
3.879654484452628,-2.081022528723352,106.88058613259786
3.842377059546843,-2.073009061214236,106.96748928186673
3.820070362877475,-2.069985922094979,107.01967088345626
3.808689811407751,-2.070605941183624,107.04911982900546
3.7738641196893337,-2.0634016939388875,107.13905771445131
3.7502163485818354,-2.0599440608211896,107.20127555368255
3.738168159410217,-2.0605388889823217,107.2383735217941
3.7114546718251855,-2.053755771389952,107.32848871231252
3.6904284314177698,-2.0498696888851797,107.39525150592786
3.677310789214348,-2.049929391266957,107.44478265724725
3.6642507933584154,-2.0500168376410226,107.47909025522864
3.650974880703936,-2.0499997366394997,107.54546748506219
3.63772192762743,-2.050008943483391,107.5723847550555
3.624655605572068,-2.049924188797174,107.60208352869584
3.6109249712522224,-2.0501713652857827,107.63954255237145
3.5947832541930804,-2.051627196372607,107.68907435554463
3.562905218145497,-2.0609068088769487,107.79692302594601
3.5515360509696183,-2.06010850775378,107.83117396335781
3.53705849097854,-2.061300653274557,107.8725534093577
3.5134973603620683,-2.071300924919038,107.94791584261375
3.503678062513769,-2.0690250695739536,107.9788329765226
3.4676374629601003,-2.0804476670271743,108.09007447524226
3.449078537643617,-2.08353474689493,108.14089777370637
3.3985662096000784,-2.097994586525262,108.27188264798356
3.34537209596788,-2.1111163114454303,108.3811656373827
3.2968721897066136,-2.1243344023369524,108.46757010279124
3.250122668835507,-2.1375859920111235,108.5387986487873
3.1965863002987,-2.1508304312818787,108.63762929114148
3.148186876524642,-2.1637571199914944,108.71539513005206
3.099105532571061,-2.1785759673145826,108.80628326084306
3.056435966779381,-2.192268452772403,108.87594898894409
2.948027797615202,-2.2866565668299064,109.15148934161384
2.915593451878268,-2.342481924743147,109.30981387334201
2.8893512107799517,-2.380905214660123,109.45041542207713
2.8527455990344723,-2.430682234824733,109.6110847201854
2.819692954138178,-2.477101089070093,109.78041161335246
2.7900989227150905,-2.5198432722268294,109.98652692686632
2.766588975629519,-2.553751066409861,110.02615986669099
2.747089949181996,-2.5782605280722777,110.0852295128231
2.7302737613876094,-2.609616729451417,110.15880969150429
2.7170226246429774,-2.6253172828030955,110.2004341517391
2.703880667299549,-2.647278581148342,110.25025130245699
2.6906262132058654,-2.658985661984138,110.28648224816949
2.6773922211094483,-2.683580047195792,110.34378370801295
2.6641308382642475,-2.695616352336337,110.37991167517028
2.650952396979802,-2.709097152980503,110.41620309317133
2.638198562725192,-2.7223266026556274,110.448486836373
2.61857791385796,-2.735557871755187,110.5009756520559
2.6014038665964687,-2.748796031467972,110.54592361704455
2.5752601349452977,-2.762031135337029,110.61123548290055
2.5548319225301146,-2.775290335708437,110.6622939503627
2.533335561449034,-2.788456136994018,110.71064759715485
2.50694088329214,-2.8013834555979145,110.77335060386456
2.474903168776782,-2.8199605088046926,110.84669395211127
2.4436009174806106,-2.8385886978645054,110.90848259425111
2.404230248950162,-2.851506798764309,111.00066741263598
2.3557968021088893,-2.864673412736177,111.10323496543536
2.308480246692385,-2.87793275200942,111.18127209148285
2.25444646237745,-2.8911678759793684,111.30053921781374
2.1920328360925208,-2.904404594748774,111.41996948727382
2.132308612223804,-2.917642324815389,111.50878458340108
2.065600532614317,-2.9308800077677617,111.63231599253042
2.0001746594953698,-2.9440985574596787,111.71764014904034
1.9259565833847727,-2.957428483921204,111.87420460710129
1.8458997056153112,-2.970705797248721,112.00386381247358
1.7859303758809002,-2.980045045341651,112.09756702049648
1.73708874795142,-2.9871700332580406,112.18624788695594
1.710225192466515,-2.989894743193661,112.26150036183262
1.679536351137207,-2.993376072054133,112.33054016478623
1.630032967439659,-3.000683719825247,112.47046467024536
1.619990448274871,-3.000000596832429,112.51846224588446
1.5979418302006554,-2.9999802841969068,112.62868912381285
1.561210155373958,-3.000002347677235,112.69310244881193
1.5503190357204826,-3.000000790984574,112.70669925512053
1.5373283140014262,-3.000045916657326,112.7382062145777
1.522343145319864,-2.999711026756904,112.79494240966754
1.5121812621085997,-3.0003234258878013,112.84584773926994
1.4423479198435434,-2.9890042144168625,113.15559721776012
1.4351508844962968,-2.990212311404948,113.1842579408523
1.4209597729750438,-2.990021503836699,113.24476938886949
1.4101347219343534,-2.9905039235798,113.29200751639004
1.3657409598215953,-2.9842726010680742,113.51615108938573
1.3299580139171017,-2.979763441345451,113.60445760545115
1.3169920961356727,-2.9798176873420683,113.65973025424769
1.3099461885981345,-2.9810559352565638,113.69551032787398
1.2469855729395949,-2.971111242033768,113.9827879666017
1.2294170863754044,-2.9702449759888765,114.04039908662158
1.2132432899974948,-2.969657624254113,114.08420073874541
1.20569609108564,-2.9707956923026515,114.11314420478595
1.1348622414456866,-2.959276612482382,114.3673968413942
1.1265476302562245,-2.9602570576826555,114.39863568154549
1.1121040445546395,-2.960031952415438,114.45704143447497
1.0997318326117718,-2.9602414268915016,114.49933056738732
1.0680725596025962,-2.9556347288606397,114.62790001986059
1.0302674866336563,-2.94949316477115,114.73047595787179
1.018718023549658,-2.9499150555963567,114.78831980458867
1.0094394947662746,-2.9509043577836387,114.82893992642506
0.9615671302196188,-2.9422472519046554,115.06638166190183
0.939769470015028,-2.940108120439831,115.13387596562883
0.9250791048350652,-2.9396823600572954,115.18655240867095
0.916231453185672,-2.941115791013633,115.22489410917802
0.8691964376558605,-2.929853710118989,115.41763639265253
0.8465382944866189,-2.926713715355236,115.49370546297357
0.8141176272096953,-2.9203184328106744,115.58945605705635
0.7697685088404622,-2.9099482266653247,115.69748048891807
0.7577177270067406,-2.910362119361148,115.73712266921119
0.7426616974032871,-2.9096352384248085,115.78337193193421
0.7304920201301375,-2.910139476555526,115.82324941308545
0.6961934407090205,-2.899602160599539,115.95177206561067
0.6712880192276902,-2.8938139829710927,116.0311800229146
0.6502259951436269,-2.889823712643654,116.09003428493006
0.6347013564248929,-2.8875145450767725,116.1377594098223
0.6132036243498824,-2.8791651010759782,116.22169817115994
0.600827947832105,-2.880031197569897,116.27480596394385
0.5875724239195588,-2.8798803517487777,116.32461572748534
0.5742907528130541,-2.881039275408849,116.37461789096696
0.5611168566926263,-2.870841518085278,116.44730189308649
0.5482806974232552,-2.8706908536691795,116.49863294599182
0.5292823532743824,-2.8645367546445684,116.57544078593533
0.510736309828383,-2.859552556409604,116.63738831335804
0.4950719041905671,-2.8584416263597703,116.69903594307895
0.4624676077162242,-2.8488067356309177,116.82164364529663
0.453134436823996,-2.8507112985818,116.86423355172658
0.4154647943291074,-2.8383613411832997,117.04602269034959
0.3688854987454686,-2.8242458969594786,117.17887468869293
0.342259138151066,-2.820360766022878,117.31345904112189
0.305866464255585,-2.808600437444264,117.49986190102288
0.2646558659483453,-2.794621888250017,117.60920355988195
0.243056435536543,-2.790272676774542,117.71464938320621
0.2071310950380898,-2.7786458004168058,117.86145181884955
0.1852822651753882,-2.7701172823280533,117.93486986996344
0.1726371445689309,-2.7623373998403533,117.99424621030329
0.1593907232115796,-2.760219156944771,118.05717501695617
0.143000106110307,-2.756814290664922,118.12259352035876
0.1152178965839727,-2.742693254331208,118.27841197655721
0.0888492842468515,-2.7295685563777,118.33086438712908
0.0515959050529346,-2.716337697003363,118.42051660188116
0.0263797402114818,-2.703102446446815,118.47917242942951
-0.0002755285810618,-2.689862277915031,118.53438704370352
-0.0269548644015493,-2.676426976674973,118.58201146790252
-0.0521561540974353,-2.664458068151914,118.63901975240508
-0.0896056842273953,-2.640244757422004,118.7461012053504
-0.1159763384786725,-2.627063762439759,118.81297207570685
-0.1422211771883343,-2.6143925648468844,118.86983085286371
-0.1782992999539683,-2.591006308975329,118.97579316354802
-0.2269523825944102,-2.5668656240603944,119.10505218569442
-0.2565739689008559,-2.549219517826703,119.19020900708757
-0.2985340786484602,-2.52077244888285,119.31166048344397
-0.3317693545214144,-2.5011713627712773,119.41596664285201
-0.3791933220475822,-2.4615132404746927,119.62814293974778
-0.3887817134697044,-2.451176560865324,119.69558264423847
-0.4021542288394304,-2.437831965200207,119.79003141024263
-0.4154814652990186,-2.424521608940525,119.81036016093906
-0.428687746129663,-2.4113137147305235,119.8329718363256
-0.4418680027082828,-2.3981470713893245,119.8529721868186
-0.4557888535149725,-2.384068368650947,119.88651924623508
-0.4667192860269047,-2.3736710813414064,119.91738214539383
-0.5176009758175599,-2.3092840551373595,120.09452223436011
-0.561196510342608,-2.2429610906077557,120.23383936600143
-0.5860941449243402,-2.2058846857759296,120.29557663063366
-0.6127093408821267,-2.1659422333298046,120.35296788354195
-0.6390126519913846,-2.1264386677551066,120.39823206236028
-0.6663101704772689,-2.0856808148688906,120.4711173889583
-0.6807398032750207,-2.057604946865702,120.59181854295151
-0.6985637636437474,-2.0119337042910197,120.76472516881681
-0.717991199964974,-1.973891098200948,120.91566524256825
-0.7306611023189458,-1.948125283475832,120.99411956313438
-0.747856598741798,-1.9032662476471192,121.21796127565062
-0.7677767185933693,-1.864340858249344,121.43659838813367
-0.7804216756502083,-1.8388316905735564,121.48363953591215
-0.7972178412720297,-1.79426659315007,121.57856199825581
-0.8176255062680031,-1.7559657717606871,121.65759483923328
-0.8302114272596377,-1.7194544610922513,121.72323547077077
-0.843418936013892,-1.6935349587155244,121.77006981464692
-0.8566804990421009,-1.6660990957956692,121.8159289015331
-0.8699139089911831,-1.6402646759907071,121.86146455965735
-0.8831512244309749,-1.5885765223067736,121.95436461827254
-0.8963867521369675,-1.5577965277533463,122.01619386749435
-0.9096265214787138,-1.5211191670914523,122.08462874715785
-0.9229071039456967,-1.4786731370957913,122.15885245644166
-0.9358097520588656,-1.4325656389052313,122.23415869859942
-0.9497118243420476,-1.381666752462282,122.30503309396269
-0.9516216084402842,-1.3627841342676792,122.34252013662595
-0.965824067719387,-1.3056300581773377,122.4566543269483
-0.9794329898202072,-1.26195463211441,122.55634271033266
-0.97976362925891,-1.2481397965195828,122.5945710820456
-0.9803361446333216,-1.2338179387103452,122.62993896582043
-0.9793707730284263,-1.2224978476535409,122.66328119270372
-0.9908721661555652,-1.1862585947711963,122.77990748783273
-0.9896649458004454,-1.175436154000252,122.81417711862136
-0.9902178229862688,-1.1610932769648326,122.85793119966355
-0.9913714990858686,-1.1455491973593723,122.90096555589861
-1.001004476433188,-1.1130404584555595,123.00705505496094
-0.9999145707684728,-1.1020040077351378,123.04931226402707
-1.0000636886399334,-1.088529900237706,123.09678542079534
-0.9990445419105018,-1.0762928686125566,123.13831411604686
-1.0082468519751533,-1.0538609633062634,123.22939213319428
-1.009847925509442,-1.0390252466177117,123.28993252532143
-1.0100103907300504,-1.0255554434294345,123.34945348026943
-1.0102452614837407,-1.0124044048226164,123.38658663183894
-1.010607090822047,-0.9991580737403396,123.42737920026799
-1.0210755235486086,-0.9859186348517124,123.51185049918325
-1.0198399228815074,-0.9726883008989606,123.56955598569203
-1.0199865214178097,-0.959453293550494,123.6341441459511
-1.020223758604251,-0.9459905070067868,123.67686743041622
-1.0189626688225497,-0.9340084677773426,123.72852587350962
-1.0301604118985723,-0.9095743082835543,123.83694136742503
-1.029727113188283,-0.8967557081145578,123.879393547798
-1.0299745260734543,-0.8833618049642098,123.91981514461575
-1.0300038240029643,-0.8700153267087849,123.95557721663992
-1.0329272345848572,-0.8509299732917839,124.01825687432954
-1.0407677309389245,-0.8220135763434513,124.10614248083797
-1.0399841190669683,-0.8103433636968038,124.14717654627607
-1.0399347431400532,-0.7972049704449997,124.18923728110451
-1.040293085935497,-0.7832511129212776,124.22953348130643
-1.0396579400375394,-0.7712843179548585,124.26872598284099
-1.050993999634521,-0.7353758009534435,124.40389977840466
-1.049759831525492,-0.7246006776467624,124.44463766509813
-1.0500215058535556,-0.7108549427590578,124.49812006336292
-1.0501391305003531,-0.6975075808826734,124.53815099699467
-1.048940684607517,-0.6854750152372375,124.59056072135242
-1.0591134794459816,-0.6620637165698611,124.71424519972602
-1.0597641244365974,-0.6481760255596463,124.76640007173214
-1.06006903185712,-0.6346335744181513,124.8100897680559
-1.0599952530564334,-0.6214715591497502,124.85647954352834
-1.0600059575046803,-0.6082297976744417,124.89310151103595
-1.0599281610489122,-0.5949911700499051,124.92836833794688
-1.0602141366684563,-0.5817544222287268,124.9751795300464
-1.0611575493361478,-0.5685172193730565,125.02565667780895
-1.0710344132423018,-0.5552804532509032,125.10351572315365
-1.0698834985536454,-0.542041738418984,125.1676862257417
-1.069983737757612,-0.5288012432015918,125.233890242344
-1.0700719832415633,-0.5156351883641328,125.26150905363176
-1.0697474263829516,-0.5020796188277696,125.32930651331479
-1.0693411551689955,-0.4884355615527695,125.37031371395695
-1.0589285430760498,-0.4647857249402793,125.49954408440745
-1.0601496397018249,-0.4527697063670004,125.5527214481132
-1.0600045315848554,-0.4393874467248597,125.61757520397417
-1.0600537478710468,-0.4261995149925521,125.6650013786242
-1.059725119049169,-0.4126337386497329,125.71917614551852
-1.0597801707396943,-0.3994516426260297,125.76703916941075
-1.048924063316127,-0.3753583875095021,125.8924946447232
-1.050190922523594,-0.3633880990261886,125.94860692710691
-1.0500009749524093,-0.3499610037631964,126.01574956578538
-1.0498044783618763,-0.3365273594809874,126.03621940339548
-1.0510731609841315,-0.3245588944115685,126.07185067389999
-1.040164309624883,-0.3004128953606493,126.15359192210535
-1.040281379822714,-0.2872928178668026,126.18952206826522
-1.039921084329853,-0.2736953746822657,126.22419177853537
-1.0400241002496775,-0.2605612429104198,126.25681539723736
-1.040582382879542,-0.2478823778486081,126.289750237948
-1.03390257955137,-0.2279654268287601,126.35032417586675
-1.0298336246426771,-0.2106593242283931,126.40103105745513
-1.029793260731461,-0.1973818126255064,126.44319507001958
